id,client_id,sale_date,sale_city,model_id
1,GA1.2.1169448376.1577861283,2020-01-19,Znamenskiy,9
2,GA1.2.1952782429.1579771817,2020-01-23,Zhukovskiy,10
3,GA1.2.173293662.1579367819,2020-01-18,Zhukovskiy,10
4,GA1.2.446385409.1581259601,2020-02-14,Yuzhnyy,11
5,GA1.2.366579822.1581229543,2020-02-09,Yuzhnyy,15
6,GA1.2.2144037852.1579586524,2020-01-21,Yuzhnyy,10
7,GA1.2.2094032048.1581092366,2020-02-07,Yuzhnyy,8
8,GA1.2.1658804242.1578241828,2020-01-09,Yuzhnyy,4
9,GA1.2.1113934300.1578765683,2020-01-13,Yuzhnyy,12
10,GA1.2.1091651756.1579160304,2020-01-16,Yuzhno-Sakhalinsk,11
11,GA1.2.412366619.1580383669,2020-01-30,Yeysk,10
12,GA1.2.2136740005.1578579873,2020-01-09,Yeysk,7
13,GA1.2.2136740005.1578579873,2020-01-09,Yeysk,10
14,GA1.2.1913530128.1580490511,2020-02-02,Yeysk,7
15,GA1.2.1913530128.1580490511,2020-02-10,Yeysk,15
16,GA1.2.1860648392.1578479271,2020-01-08,Yeysk,10
17,GA1.2.1350473982.1581593293,2020-02-13,Yeysk,15
18,GA1.2.1249393710.1545136444,2020-01-30,Yeysk,8
19,GA1.2.1078052359.1578507910,2020-01-08,Yeysk,8
20,GA1.2.576790119.1581841107,2020-02-16,Yevpatoriya,7
21,GA1.2.204154407.1581750382,2020-02-15,Yevpatoriya,9
22,GA1.2.1709950122.1579449426,2020-01-19,Yevpatoriya,10
23,GA1.2.1122524344.1580153594,2020-01-27,Yevpatoriya,15
24,GA1.2.110268335.1578376334,2020-02-04,Yevpatoriya,10
25,GA1.2.110268335.1578376334,2020-02-09,Yevpatoriya,9
26,GA1.2.61947429.1581411878,2020-02-11,Yerevan,7
27,GA1.2.1391343800.1571933006,2020-01-14,Yerevan,10
28,GA1.2.1165315346.1577536757,2020-01-18,Yerevan,9
29,GA1.2.101148702.1579154481,2020-01-16,Yerevan,5
30,GA1.2.971318749.1578911473,2020-01-13,Yekaterinburg,8
31,GA1.2.763523508.1581149779,2020-02-08,Yekaterinburg,15
32,GA1.2.745066134.1581083413,2020-02-07,Yekaterinburg,7
33,GA1.2.699735643.1580826289,2020-02-04,Yekaterinburg,15
34,GA1.2.461939777.1580714366,2020-02-03,Yekaterinburg,9
35,GA1.2.436933079.1577878604,2020-01-05,Yekaterinburg,8
36,GA1.2.32077419.1571387977,2020-02-15,Yekaterinburg,15
37,GA1.2.241099594.1578248459,2020-01-25,Yekaterinburg,15
38,GA1.2.1941563643.1578509887,2020-01-08,Yekaterinburg,15
39,GA1.2.163976706.1575708129,2020-01-05,Yekaterinburg,15
40,GA1.2.1598112864.1581929714,2020-02-17,Yekaterinburg,13
41,GA1.2.1176148073.1579156587,2020-01-16,Yekaterinburg,15
42,GA1.2.1113392091.1580798971,2020-02-04,Yekaterinburg,10
43,GA1.2.101443248.1581320692,2020-02-10,Yekaterinburg,10
44,GA1.2.993370355.1579292636,2020-01-19,Yalta,15
45,GA1.2.882229352.1578223010,2020-01-05,Yalta,12
46,GA1.2.853031765.1581189737,2020-02-08,Yalta,6
47,GA1.2.52275970.1578915372,2020-01-13,Yalta,7
48,GA1.2.2110094072.1578953385,2020-01-14,Yalta,4
49,GA1.2.68727757.1579061914,2020-01-15,Yakutsk,8
50,GA1.2.68727757.1579061914,2020-01-15,Yakutsk,7
51,GA1.2.444059308.1571033505,2020-02-10,Yakutsk,9
52,GA1.2.1180276608.1579430988,2020-01-19,Yakutsk,7
53,GA1.2.844068958.1580747286,2020-02-03,Yablonovsky,7
54,GA1.2.734655936.1566825213,2020-02-11,Yablonovsky,13
55,GA1.2.668413009.1564491368,2020-02-14,Yablonovsky,8
56,GA1.2.261852364.1579980259,2020-01-25,Yablonovsky,10
57,GA1.2.1948503307.1578736400,2020-01-11,Yablonovsky,8
58,GA1.2.166590656.1580318725,2020-01-29,Yablonovsky,15
59,GA1.2.1335987663.1580030381,2020-01-26,Yablonovsky,10
60,GA1.2.1304392878.1581920804,2020-02-17,Yablonovsky,15
61,GA1.2.1255664784.1581665640,2020-02-14,Yablonovsky,10
62,GA1.2.1183652661.1581690449,2020-02-14,Yablonovsky,15
63,GA1.2.626498870.1581414277,2020-02-11,Winnenden,14
64,GA1.2.1103515478.1578571446,2020-01-09,Winnenden,13
65,GA1.2.102136359.1579430328,2020-01-28,Vyborg,9
66,GA1.2.990436577.1581671437,2020-02-14,Voronezh,7
67,GA1.2.94222812.1578479990,2020-01-08,Voronezh,8
68,GA1.2.896528656.1581579972,2020-02-13,Voronezh,15
69,GA1.2.893856239.1575954529,2020-01-25,Voronezh,6
70,GA1.2.868243313.1577950208,2020-01-02,Voronezh,15
71,GA1.2.854621237.1576590673,2020-01-09,Voronezh,7
72,GA1.2.816845484.1578583551,2020-01-09,Voronezh,7
73,GA1.2.809073096.1580964660,2020-02-06,Voronezh,9
74,GA1.2.732758126.1577206961,2020-01-25,Voronezh,8
75,GA1.2.723108946.1580755269,2020-02-03,Voronezh,7
76,GA1.2.721277834.1581491019,2020-02-12,Voronezh,10
77,GA1.2.712203389.1578508129,2020-01-08,Voronezh,9
78,GA1.2.64388529.1581184157,2020-02-08,Voronezh,9
79,GA1.2.620614790.1581327967,2020-02-10,Voronezh,8
80,GA1.2.608515312.1579632535,2020-01-24,Voronezh,11
81,GA1.2.577751978.1579903186,2020-01-25,Voronezh,7
82,GA1.2.569586337.1580530544,2020-02-01,Voronezh,10
83,GA1.2.466176231.1572363523,2020-01-17,Voronezh,7
84,GA1.2.37323997.1579008822,2020-01-14,Voronezh,12
85,GA1.2.342503885.1578506265,2020-01-08,Voronezh,13
86,GA1.2.338693088.1578489929,2020-01-08,Voronezh,12
87,GA1.2.33300858.1580378853,2020-01-30,Voronezh,10
88,GA1.2.279023649.1579421234,2020-01-19,Voronezh,10
89,GA1.2.277851924.1581367396,2020-02-10,Voronezh,12
90,GA1.2.255899681.1564687970,2020-01-11,Voronezh,8
91,GA1.2.255899681.1564687970,2020-02-02,Voronezh,15
92,GA1.2.25348209.1581620084,2020-02-13,Voronezh,9
93,GA1.2.2125446764.1578378289,2020-01-07,Voronezh,7
94,GA1.2.2125446764.1578378289,2020-01-07,Voronezh,7
95,GA1.2.2119776686.1581338240,2020-02-10,Voronezh,15
96,GA1.2.2112185644.1579035221,2020-01-15,Voronezh,13
97,GA1.2.2050113806.1578212477,2020-01-05,Voronezh,6
98,GA1.2.2035865878.1580983631,2020-02-06,Voronezh,7
99,GA1.2.203383780.1580285691,2020-01-29,Voronezh,15
100,GA1.2.2018603228.1577669791,2020-01-11,Voronezh,15
101,GA1.2.1984925820.1578807603,2020-01-12,Voronezh,7
102,GA1.2.1977043095.1581088298,2020-02-07,Voronezh,9
103,GA1.2.1960204614.1578491330,2020-01-15,Voronezh,9
104,GA1.2.1958536038.1581365629,2020-02-10,Voronezh,8
105,GA1.2.1913233028.1579109754,2020-01-16,Voronezh,9
106,GA1.2.1900101703.1578692959,2020-02-04,Voronezh,15
107,GA1.2.1890391996.1577106596,2020-01-13,Voronezh,1
108,GA1.2.1852457206.1579266432,2020-01-17,Voronezh,15
109,GA1.2.1834135156.1579250157,2020-01-17,Voronezh,10
110,GA1.2.1773064735.1578896333,2020-01-13,Voronezh,13
111,GA1.2.1755736714.1577931014,2020-01-02,Voronezh,13
112,GA1.2.1748119907.1581448102,2020-02-11,Voronezh,14
113,GA1.2.1743966047.1579367303,2020-01-18,Voronezh,10
114,GA1.2.1717267839.1579759957,2020-02-07,Voronezh,7
115,GA1.2.1626121207.1576972530,2020-01-02,Voronezh,13
116,GA1.2.1612031744.1579279093,2020-01-17,Voronezh,9
117,GA1.2.1602256437.1580503946,2020-02-01,Voronezh,4
118,GA1.2.1437739060.1578233269,2020-01-05,Voronezh,8
119,GA1.2.1426047744.1580173473,2020-01-28,Voronezh,10
120,GA1.2.141132015.1581331457,2020-02-10,Voronezh,10
121,GA1.2.1404398161.1579541708,2020-01-20,Voronezh,8
122,GA1.2.140143645.1580117656,2020-01-27,Voronezh,10
123,GA1.2.1393397981.1546539758,2020-01-05,Voronezh,13
124,GA1.2.1392042626.1581419937,2020-02-11,Voronezh,9
125,GA1.2.1303024808.1577914237,2020-01-16,Voronezh,7
126,GA1.2.1239985430.1579857535,2020-01-24,Voronezh,6
127,GA1.2.1235885900.1581017161,2020-02-06,Voronezh,7
128,GA1.2.1229626477.1578438088,2020-01-08,Voronezh,9
129,GA1.2.122871198.1580576969,2020-02-01,Voronezh,7
130,GA1.2.1105298370.1579236160,2020-01-17,Voronezh,15
131,GA1.2.1085834180.1581107400,2020-02-07,Voronezh,13
132,GA1.2.1051427932.1577020209,2020-01-18,Voronezh,15
133,GA1.2.1034537815.1578832762,2020-01-12,Voronezh,15
134,GA1.2.103321415.1581368283,2020-02-10,Voronezh,15
135,GA1.2.1031845493.1581437829,2020-02-11,Voronezh,10
136,GA1.2.459137152.1575543894,2020-01-09,Volgograd,13
137,GA1.2.788011116.1580148890,2020-01-27,Volgodonsk,7
138,GA1.2.1065481481.1578684140,2020-01-10,Volgodonsk,8
139,GA1.2.2020451512.1581296316,2020-02-10,Vladivostok,12
140,GA1.2.1855218519.1579076548,2020-01-15,Vladimir,6
141,GA1.2.1453445865.1578910955,2020-01-13,Vladimir,12
142,GA1.2.790684486.1580924979,2020-02-05,Vladikavkaz,15
143,GA1.2.758025461.1578558202,2020-01-09,Vladikavkaz,9
144,GA1.2.712000410.1578251807,2020-01-05,Vladikavkaz,10
145,GA1.2.490620123.1578498203,2020-01-08,Vladikavkaz,8
146,GA1.2.437768038.1580193152,2020-01-28,Vladikavkaz,10
147,GA1.2.291750809.1578167705,2020-01-06,Vladikavkaz,11
148,GA1.2.282738636.1579864518,2020-01-24,Vladikavkaz,10
149,GA1.2.1866905182.1580323457,2020-01-29,Vladikavkaz,8
150,GA1.2.1819289066.1578261355,2020-01-06,Vladikavkaz,10
151,GA1.2.1707471955.1579465728,2020-01-19,Vladikavkaz,2
152,GA1.2.123091468.1579097999,2020-01-15,Vladikavkaz,15
153,GA1.2.1081703882.1579239995,2020-01-17,Vladikavkaz,7
154,GA1.2.260974575.1577981718,2020-01-02,Vidnoye,8
155,GA1.2.171035609.1579095850,2020-01-15,Vidnoye,15
156,GA1.2.196699356.1580328548,2020-02-01,Ust-Labinsk,7
157,GA1.2.1638217820.1580801784,2020-02-04,Ust-Labinsk,10
158,GA1.2.1835434069.1581262556,2020-02-09,Ukhta,10
159,GA1.2.893451365.1581105082,2020-02-07,Ufa,9
160,GA1.2.86119523.1580048514,2020-01-26,Ufa,9
161,GA1.2.82530481.1580049052,2020-01-26,Ufa,7
162,GA1.2.805165193.1581088691,2020-02-07,Ufa,8
163,GA1.2.55808378.1578485087,2020-01-08,Ufa,10
164,GA1.2.465608789.1564423158,2020-01-10,Ufa,4
165,GA1.2.360062241.1578308482,2020-01-06,Ufa,10
166,GA1.2.224261092.1580935461,2020-02-06,Ufa,15
167,GA1.2.1909478240.1581871982,2020-02-16,Ufa,10
168,GA1.2.181453165.1578188836,2020-01-05,Ufa,10
169,GA1.2.1230833484.1578126229,2020-01-04,Ufa,10
170,GA1.2.1113771862.1543846691,2020-01-25,Ufa,15
171,GA1.2.1113771862.1543846691,2020-02-01,Ufa,10
172,GA1.2.1096485869.1578941656,2020-01-13,Ufa,15
173,GA1.2.1049206251.1578071426,2020-01-03,Ufa,15
174,GA1.2.986468019.1579202278,2020-01-16,Tver,10
175,GA1.2.789946297.1580735847,2020-02-03,Tver,12
176,GA1.2.1859521081.1579082302,2020-01-15,Tver,8
177,GA1.2.1354764931.1579496276,2020-01-21,Tver,7
178,GA1.2.925083354.1581532783,2020-02-12,Tuapse,15
179,GA1.2.772647893.1579461699,2020-01-19,Tuapse,8
180,GA1.2.622710771.1578239699,2020-01-05,Tuapse,9
181,GA1.2.619183676.1575603627,2020-01-10,Tuapse,7
182,GA1.2.587581751.1570872776,2020-02-01,Tuapse,10
183,GA1.2.581774930.1577985789,2020-01-02,Tuapse,9
184,GA1.2.433267354.1580417874,2020-01-30,Tuapse,3
185,GA1.2.409960014.1578324865,2020-01-06,Tuapse,10
186,GA1.2.321199423.1581314000,2020-02-10,Tuapse,4
187,GA1.2.272797906.1580737609,2020-02-03,Tuapse,15
188,GA1.2.2076300561.1581088510,2020-02-07,Tuapse,6
189,GA1.2.2076300561.1581088510,2020-02-07,Tuapse,15
190,GA1.2.2049741117.1581080170,2020-02-07,Tuapse,7
191,GA1.2.2029335583.1578095987,2020-02-03,Tuapse,7
192,GA1.2.2029335583.1578095987,2020-02-05,Tuapse,7
193,GA1.2.2028120916.1578233704,2020-01-05,Tuapse,7
194,GA1.2.2028120916.1578233704,2020-01-05,Tuapse,10
195,GA1.2.2022505985.1581015370,2020-02-06,Tuapse,8
196,GA1.2.1972587894.1581092025,2020-02-07,Tuapse,9
197,GA1.2.1941327047.1580280446,2020-01-29,Tuapse,7
198,GA1.2.1865404594.1579800790,2020-01-23,Tuapse,8
199,GA1.2.1810467959.1578134975,2020-01-11,Tuapse,9
200,GA1.2.1805738499.1565509161,2020-02-16,Tuapse,10
201,GA1.2.1644759751.1579067439,2020-01-15,Tuapse,15
202,GA1.2.1518846966.1580238498,2020-01-28,Tuapse,5
203,GA1.2.1506810905.1581222995,2020-02-09,Tuapse,7
204,GA1.2.1474466565.1581174779,2020-02-08,Tuapse,5
205,GA1.2.1320983124.1577652518,2020-01-04,Tuapse,9
206,GA1.2.1319944049.1581053501,2020-02-07,Tuapse,9
207,GA1.2.1247144636.1573239426,2020-01-16,Tuapse,1
208,GA1.2.1233813777.1578391536,2020-01-08,Tuapse,14
209,GA1.2.859525421.1578903091,2020-01-13,Tschernomorski,10
210,GA1.2.489247480.1579960990,2020-01-25,Tschernomorski,8
211,GA1.2.1870442882.1580567018,2020-02-01,Tschernomorski,8
212,GA1.2.681735559.1581004639,2020-02-06,Tomsk,8
213,GA1.2.587798529.1580268861,2020-01-29,Tomsk,10
214,GA1.2.582992093.1578233840,2020-01-05,Tomsk,7
215,GA1.2.438217554.1581862835,2020-02-16,Tomsk,4
216,GA1.2.1656708529.1579635002,2020-01-21,Tomsk,9
217,GA1.2.1294025228.1580643782,2020-02-02,Tomsk,10
218,GA1.2.925160878.1581600532,2020-02-13,Tikhoretsk,6
219,GA1.2.773582453.1578565832,2020-01-09,Tikhoretsk,10
220,GA1.2.732163459.1572173028,2020-02-15,Tikhoretsk,5
221,GA1.2.573942083.1581012257,2020-02-11,Tikhoretsk,4
222,GA1.2.571237713.1577386650,2020-01-03,Tikhoretsk,8
223,GA1.2.571237713.1577386650,2020-01-03,Tikhoretsk,8
224,GA1.2.571237713.1577386650,2020-01-08,Tikhoretsk,8
225,GA1.2.571237713.1577386650,2020-01-08,Tikhoretsk,10
226,GA1.2.1992477038.1580487725,2020-01-31,Tikhoretsk,8
227,GA1.2.1827053618.1577507229,2020-01-01,Tikhoretsk,8
228,GA1.2.174918404.1578679179,2020-01-11,Tikhoretsk,1
229,GA1.2.1069266383.1580233578,2020-01-28,Tikhoretsk,10
230,GA1.2.1456204387.1572284765,2020-02-11,Tbilisskaya,5
231,GA1.2.1456204387.1572284765,2020-02-11,Tbilisskaya,8
232,GA1.2.82224699.1565608248,2020-01-16,Tashkent,15
233,GA1.2.1383540893.1578298894,2020-01-06,Tambov,4
234,GA1.2.724105848.1581164679,2020-02-08,Taganrog,7
235,GA1.2.371851582.1578999650,2020-01-14,Taganrog,8
236,GA1.2.356246822.1579608967,2020-01-21,Taganrog,10
237,GA1.2.1699844759.1580845521,2020-02-04,Taganrog,5
238,GA1.2.1323112975.1581615265,2020-02-13,Svetlograd,10
239,GA1.2.859028881.1580380950,2020-01-30,Surgut,4
240,GA1.2.525481200.1577987381,2020-01-03,Surgut,8
241,GA1.2.262184102.1576793469,2020-01-20,Surgut,10
242,GA1.2.1636669364.1578291398,2020-01-20,Surgut,7
243,GA1.2.1272276323.1581764581,2020-02-15,Surgut,15
244,GA1.2.1077940543.1581350626,2020-02-10,Surgut,9
245,GA1.2.960784881.1581156089,2020-02-08,Stavropol,13
246,GA1.2.951074183.1578160778,2020-01-04,Stavropol,4
247,GA1.2.942414637.1580980992,2020-02-06,Stavropol,10
248,GA1.2.932518580.1580143898,2020-01-27,Stavropol,7
249,GA1.2.920709282.1578838601,2020-01-12,Stavropol,4
250,GA1.2.909399632.1581323474,2020-02-10,Stavropol,7
251,GA1.2.898466939.1576212731,2020-01-19,Stavropol,9
252,GA1.2.867271758.1579599461,2020-01-21,Stavropol,8
253,GA1.2.863556419.1581430603,2020-02-11,Stavropol,15
254,GA1.2.861254746.1577468720,2020-01-15,Stavropol,8
255,GA1.2.858765491.1579452312,2020-01-19,Stavropol,8
256,GA1.2.85736129.1579282400,2020-01-17,Stavropol,12
257,GA1.2.846844596.1581537017,2020-02-12,Stavropol,7
258,GA1.2.822365430.1579543976,2020-01-20,Stavropol,9
259,GA1.2.770490992.1579700322,2020-01-22,Stavropol,4
260,GA1.2.760814348.1581746117,2020-02-15,Stavropol,15
261,GA1.2.752477866.1580055210,2020-01-26,Stavropol,15
262,GA1.2.746925748.1579106508,2020-01-15,Stavropol,10
263,GA1.2.733577592.1581223484,2020-02-09,Stavropol,13
264,GA1.2.708392348.1580470016,2020-02-04,Stavropol,8
265,GA1.2.693371633.1581845729,2020-02-16,Stavropol,7
266,GA1.2.693085558.1580564861,2020-02-03,Stavropol,10
267,GA1.2.667809747.1575184744,2020-01-02,Stavropol,7
268,GA1.2.663479097.1578634763,2020-01-16,Stavropol,1
269,GA1.2.654807619.1574752682,2020-01-06,Stavropol,15
270,GA1.2.647445637.1579424205,2020-01-19,Stavropol,8
271,GA1.2.644495629.1579456643,2020-01-23,Stavropol,10
272,GA1.2.591374797.1578812625,2020-01-12,Stavropol,12
273,GA1.2.568742638.1580339214,2020-01-30,Stavropol,8
274,GA1.2.556284300.1579618878,2020-01-21,Stavropol,15
275,GA1.2.554660645.1578337911,2020-01-07,Stavropol,10
276,GA1.2.528489419.1576263235,2020-01-09,Stavropol,7
277,GA1.2.526126297.1581185892,2020-02-08,Stavropol,15
278,GA1.2.524932609.1580992453,2020-02-06,Stavropol,9
279,GA1.2.515020696.1581496187,2020-02-12,Stavropol,7
280,GA1.2.508690421.1580652369,2020-02-02,Stavropol,8
281,GA1.2.482366268.1580542250,2020-02-01,Stavropol,8
282,GA1.2.477439250.1581078033,2020-02-10,Stavropol,10
283,GA1.2.473959856.1579118965,2020-01-15,Stavropol,4
284,GA1.2.45620297.1579366457,2020-01-19,Stavropol,9
285,GA1.2.452899581.1578465356,2020-01-10,Stavropol,10
286,GA1.2.439254939.1581868478,2020-02-16,Stavropol,10
287,GA1.2.411103501.1581673061,2020-02-14,Stavropol,5
288,GA1.2.336124451.1578258077,2020-01-12,Stavropol,2
289,GA1.2.334581900.1578121627,2020-01-04,Stavropol,10
290,GA1.2.31904549.1578820267,2020-01-12,Stavropol,10
291,GA1.2.300021199.1579528415,2020-01-27,Stavropol,5
292,GA1.2.300021199.1579528415,2020-01-27,Stavropol,7
293,GA1.2.289115403.1579442127,2020-01-19,Stavropol,15
294,GA1.2.277983792.1578249123,2020-01-05,Stavropol,9
295,GA1.2.248868942.1574699329,2020-01-05,Stavropol,15
296,GA1.2.2134786694.1581520728,2020-02-12,Stavropol,10
297,GA1.2.2115020243.1581014728,2020-02-11,Stavropol,10
298,GA1.2.2114288440.1578472343,2020-01-08,Stavropol,10
299,GA1.2.2101713060.1580906003,2020-02-05,Stavropol,7
300,GA1.2.2101713060.1580906003,2020-02-05,Stavropol,10
301,GA1.2.2094149040.1578819064,2020-01-31,Stavropol,8
302,GA1.2.2068311865.1579815821,2020-01-24,Stavropol,13
303,GA1.2.2066812105.1581406716,2020-02-11,Stavropol,1
304,GA1.2.2061105289.1581101195,2020-02-07,Stavropol,7
305,GA1.2.2061105289.1581101195,2020-02-07,Stavropol,12
306,GA1.2.2046122118.1575123612,2020-02-02,Stavropol,7
307,GA1.2.2040837128.1578385746,2020-01-07,Stavropol,15
308,GA1.2.2022229880.1579241736,2020-01-17,Stavropol,10
309,GA1.2.2018226272.1571064342,2020-01-22,Stavropol,8
310,GA1.2.201324414.1578921474,2020-01-13,Stavropol,5
311,GA1.2.2001599341.1580414407,2020-01-30,Stavropol,10
312,GA1.2.1994746241.1581664096,2020-02-14,Stavropol,10
313,GA1.2.1988676061.1575585119,2020-02-03,Stavropol,8
314,GA1.2.1965179191.1579774195,2020-01-23,Stavropol,9
315,GA1.2.1954208240.1579548928,2020-01-20,Stavropol,15
316,GA1.2.1950428694.1579584231,2020-01-21,Stavropol,15
317,GA1.2.1947683893.1581500294,2020-02-12,Stavropol,5
318,GA1.2.1927367394.1581929474,2020-02-17,Stavropol,8
319,GA1.2.1913564858.1581156508,2020-02-08,Stavropol,9
320,GA1.2.1890303083.1580129517,2020-02-01,Stavropol,7
321,GA1.2.1884732015.1580802968,2020-02-05,Stavropol,10
322,GA1.2.1876025071.1580470048,2020-01-31,Stavropol,2
323,GA1.2.1869960081.1581423015,2020-02-11,Stavropol,12
324,GA1.2.1868646081.1578143448,2020-01-06,Stavropol,15
325,GA1.2.185483161.1573458674,2020-01-04,Stavropol,15
326,GA1.2.183471005.1578291133,2020-01-06,Stavropol,10
327,GA1.2.1831478948.1566806662,2020-01-13,Stavropol,15
328,GA1.2.1824376224.1580666459,2020-02-02,Stavropol,15
329,GA1.2.1816505038.1579771948,2020-01-24,Stavropol,9
330,GA1.2.1808849365.1578493987,2020-01-09,Stavropol,7
331,GA1.2.1735451230.1581887931,2020-02-17,Stavropol,4
332,GA1.2.1705884985.1580571064,2020-02-01,Stavropol,8
333,GA1.2.1681337492.1580651992,2020-02-02,Stavropol,1
334,GA1.2.1624702051.1579633560,2020-01-21,Stavropol,15
335,GA1.2.1574145426.1579907924,2020-01-25,Stavropol,9
336,GA1.2.1571313637.1575186487,2020-01-31,Stavropol,13
337,GA1.2.1571313637.1575186487,2020-02-15,Stavropol,12
338,GA1.2.1567847520.1578986801,2020-01-14,Stavropol,9
339,GA1.2.1550458985.1579029658,2020-02-13,Stavropol,8
340,GA1.2.1547841949.1580815500,2020-02-04,Stavropol,8
341,GA1.2.1509831056.1572417888,2020-01-04,Stavropol,4
342,GA1.2.1433832413.1579200738,2020-01-17,Stavropol,6
343,GA1.2.1421396110.1578251706,2020-01-05,Stavropol,15
344,GA1.2.1420580902.1581532593,2020-02-12,Stavropol,10
345,GA1.2.1386717421.1581591416,2020-02-13,Stavropol,4
346,GA1.2.1381009904.1581790002,2020-02-15,Stavropol,11
347,GA1.2.1375152889.1577993895,2020-01-02,Stavropol,12
348,GA1.2.1360666527.1578144118,2020-01-08,Stavropol,7
349,GA1.2.1358159018.1578353281,2020-01-24,Stavropol,9
350,GA1.2.1352835748.1580673787,2020-02-02,Stavropol,10
351,GA1.2.1322163294.1578382161,2020-01-07,Stavropol,15
352,GA1.2.1318030336.1575403870,2020-02-04,Stavropol,6
353,GA1.2.1311347123.1577005939,2020-01-27,Stavropol,9
354,GA1.2.126860047.1580569962,2020-02-01,Stavropol,10
355,GA1.2.1249097580.1578555845,2020-01-09,Stavropol,10
356,GA1.2.1241388769.1580147833,2020-01-27,Stavropol,10
357,GA1.2.1234851450.1580246134,2020-01-29,Stavropol,9
358,GA1.2.1230338766.1580796557,2020-02-04,Stavropol,7
359,GA1.2.1220730761.1579727937,2020-01-23,Stavropol,7
360,GA1.2.1219335538.1573467544,2020-01-30,Stavropol,15
361,GA1.2.121558884.1580220872,2020-02-17,Stavropol,10
362,GA1.2.1208472684.1579171301,2020-01-16,Stavropol,7
363,GA1.2.1182636310.1578750004,2020-02-15,Stavropol,3
364,GA1.2.1137898695.1580229158,2020-01-28,Stavropol,1
365,GA1.2.1137898695.1580229158,2020-01-28,Stavropol,4
366,GA1.2.1114066559.1572971732,2020-01-24,Stavropol,8
367,GA1.2.1109740483.1577031531,2020-01-08,Stavropol,9
368,GA1.2.1094359259.1579778348,2020-01-23,Stavropol,14
369,GA1.2.1058747238.1579323238,2020-01-20,Stavropol,9
370,GA1.2.105859270.1579259623,2020-01-17,Stavropol,10
371,GA1.2.1007146808.1579276187,2020-01-17,Stavropol,15
372,GA1.2.1003952348.1580578186,2020-02-01,Stavropol,8
373,GA1.2.520749849.1580988841,2020-02-06,Sokhumi,11
374,GA1.2.1498112615.1581334149,2020-02-10,Sokhumi,9
375,GA1.2.1204146892.1581870608,2020-02-16,Sokhumi,2
376,GA1.2.999215476.1579180423,2020-01-25,Sochi,15
377,GA1.2.999067429.1570186780,2020-01-13,Sochi,10
378,GA1.2.984289288.1580310012,2020-01-29,Sochi,8
379,GA1.2.973826567.1581567171,2020-02-13,Sochi,7
380,GA1.2.970876186.1577951611,2020-01-05,Sochi,10
381,GA1.2.966815349.1578734970,2020-01-11,Sochi,10
382,GA1.2.960987012.1573793906,2020-02-06,Sochi,7
383,GA1.2.955753493.1576184226,2020-01-10,Sochi,9
384,GA1.2.951191823.1577212102,2020-01-04,Sochi,15
385,GA1.2.948389244.1579760953,2020-01-23,Sochi,15
386,GA1.2.911673049.1578669079,2020-01-10,Sochi,8
387,GA1.2.908293048.1581000786,2020-02-06,Sochi,15
388,GA1.2.907691667.1579096151,2020-01-15,Sochi,13
389,GA1.2.903048041.1565348319,2020-01-30,Sochi,9
390,GA1.2.891487735.1577711873,2020-01-28,Sochi,13
391,GA1.2.886425075.1578659192,2020-02-06,Sochi,15
392,GA1.2.872850670.1579110490,2020-01-15,Sochi,13
393,GA1.2.845384241.1581759359,2020-02-15,Sochi,10
394,GA1.2.844941872.1579845190,2020-01-24,Sochi,8
395,GA1.2.83990118.1581329220,2020-02-10,Sochi,10
396,GA1.2.834830510.1544888542,2020-01-13,Sochi,7
397,GA1.2.831803664.1580908509,2020-02-05,Sochi,7
398,GA1.2.826105670.1580986518,2020-02-06,Sochi,12
399,GA1.2.82231079.1563097113,2020-01-11,Sochi,15
400,GA1.2.82231079.1563097113,2020-01-12,Sochi,10
401,GA1.2.815348232.1565359170,2020-01-08,Sochi,7
402,GA1.2.815348232.1565359170,2020-01-20,Sochi,12
403,GA1.2.811511548.1580670671,2020-02-02,Sochi,15
404,GA1.2.801395291.1580328668,2020-01-29,Sochi,9
405,GA1.2.796416072.1576972302,2020-01-02,Sochi,10
406,GA1.2.793256949.1579288846,2020-01-17,Sochi,10
407,GA1.2.789852985.1578579095,2020-01-31,Sochi,10
408,GA1.2.787370070.1581695453,2020-02-14,Sochi,7
409,GA1.2.786473661.1579329049,2020-01-18,Sochi,15
410,GA1.2.78406981.1579674008,2020-01-22,Sochi,8
411,GA1.2.763841929.1580992531,2020-02-06,Sochi,5
412,GA1.2.759950084.1541770859,2020-01-04,Sochi,7
413,GA1.2.757504073.1579191986,2020-01-18,Sochi,11
414,GA1.2.757352775.1580192263,2020-01-28,Sochi,11
415,GA1.2.753437469.1579178360,2020-01-16,Sochi,10
416,GA1.2.753437469.1579178360,2020-01-16,Sochi,8
417,GA1.2.753375566.1573942052,2020-01-10,Sochi,10
418,GA1.2.753375566.1573942052,2020-01-13,Sochi,13
419,GA1.2.753144725.1578929044,2020-01-13,Sochi,7
420,GA1.2.752122958.1578057012,2020-01-03,Sochi,8
421,GA1.2.749934958.1579804115,2020-01-23,Sochi,7
422,GA1.2.744950262.1581306465,2020-02-10,Sochi,7
423,GA1.2.741966245.1579149263,2020-01-16,Sochi,4
424,GA1.2.738828381.1579035760,2020-01-15,Sochi,8
425,GA1.2.735298125.1578554664,2020-01-15,Sochi,9
426,GA1.2.728868574.1581848904,2020-02-16,Sochi,2
427,GA1.2.727246300.1579418881,2020-01-19,Sochi,10
428,GA1.2.724898520.1580892789,2020-02-05,Sochi,10
429,GA1.2.715844172.1580067259,2020-01-26,Sochi,8
430,GA1.2.705982854.1579769686,2020-01-23,Sochi,7
431,GA1.2.699176913.1580062730,2020-01-26,Sochi,6
432,GA1.2.66788297.1581414623,2020-02-11,Sochi,15
433,GA1.2.6562273.1581581337,2020-02-13,Sochi,12
434,GA1.2.653366512.1581417394,2020-02-11,Sochi,15
435,GA1.2.649746373.1577052171,2020-01-14,Sochi,15
436,GA1.2.643855831.1579529157,2020-01-21,Sochi,4
437,GA1.2.642446433.1578141319,2020-01-04,Sochi,14
438,GA1.2.634744339.1579888538,2020-01-24,Sochi,8
439,GA1.2.6307171.1579547838,2020-01-20,Sochi,11
440,GA1.2.630076404.1578556893,2020-01-09,Sochi,10
441,GA1.2.627046551.1556880294,2020-01-28,Sochi,15
442,GA1.2.620608980.1579192016,2020-01-16,Sochi,10
443,GA1.2.612077480.1577985911,2020-01-02,Sochi,8
444,GA1.2.602458568.1579094755,2020-01-15,Sochi,15
445,GA1.2.597964103.1580745266,2020-02-03,Sochi,13
446,GA1.2.593853203.1581599189,2020-02-13,Sochi,9
447,GA1.2.593853203.1581599189,2020-02-13,Sochi,10
448,GA1.2.588584355.1580296766,2020-02-03,Sochi,12
449,GA1.2.582896947.1578939888,2020-02-04,Sochi,4
450,GA1.2.582872858.1579632765,2020-01-21,Sochi,7
451,GA1.2.580522533.1529317316,2020-01-23,Sochi,8
452,GA1.2.564654082.1578851828,2020-01-12,Sochi,8
453,GA1.2.564245665.1567595314,2020-02-03,Sochi,9
454,GA1.2.559605267.1581577216,2020-02-13,Sochi,5
455,GA1.2.551988455.1580225888,2020-01-28,Sochi,13
456,GA1.2.547927984.1580367889,2020-01-30,Sochi,8
457,GA1.2.546641040.1565638717,2020-01-02,Sochi,8
458,GA1.2.526099438.1564253859,2020-01-23,Sochi,15
459,GA1.2.498100524.1579757835,2020-01-23,Sochi,10
460,GA1.2.487724287.1580673305,2020-02-12,Sochi,9
461,GA1.2.474450029.1581337202,2020-02-10,Sochi,8
462,GA1.2.474056307.1580665284,2020-02-02,Sochi,11
463,GA1.2.447000697.1564253613,2020-02-09,Sochi,10
464,GA1.2.440996199.1579845452,2020-01-24,Sochi,13
465,GA1.2.440447967.1578467811,2020-01-08,Sochi,9
466,GA1.2.436943276.1572153831,2020-01-27,Sochi,7
467,GA1.2.404238930.1581657464,2020-02-14,Sochi,7
468,GA1.2.399179502.1581568161,2020-02-13,Sochi,9
469,GA1.2.388727468.1579622564,2020-01-22,Sochi,13
470,GA1.2.386563824.1579179265,2020-01-16,Sochi,8
471,GA1.2.386481205.1577013056,2020-01-13,Sochi,11
472,GA1.2.365483543.1579281553,2020-01-17,Sochi,5
473,GA1.2.344543403.1581348882,2020-02-10,Sochi,7
474,GA1.2.33570990.1579017464,2020-01-15,Sochi,9
475,GA1.2.321258519.1581342196,2020-02-10,Sochi,15
476,GA1.2.309738128.1571418889,2020-01-03,Sochi,5
477,GA1.2.305577601.1575743409,2020-02-03,Sochi,9
478,GA1.2.28947335.1572200867,2020-01-29,Sochi,12
479,GA1.2.26917659.1579594134,2020-01-21,Sochi,6
480,GA1.2.266889217.1581556791,2020-02-13,Sochi,4
481,GA1.2.265484352.1580791953,2020-02-04,Sochi,9
482,GA1.2.26426708.1575273882,2020-01-07,Sochi,8
483,GA1.2.26426708.1575273882,2020-01-10,Sochi,5
484,GA1.2.259108174.1579633884,2020-01-21,Sochi,5
485,GA1.2.257256509.1577736450,2020-01-01,Sochi,9
486,GA1.2.241731149.1576776836,2020-01-19,Sochi,10
487,GA1.2.241202914.1581259778,2020-02-15,Sochi,15
488,GA1.2.237679500.1581850425,2020-02-16,Sochi,7
489,GA1.2.235652677.1579147891,2020-01-16,Sochi,7
490,GA1.2.231929681.1581194088,2020-02-08,Sochi,15
491,GA1.2.23087123.1577923244,2020-01-02,Sochi,15
492,GA1.2.220352632.1578865201,2020-01-13,Sochi,4
493,GA1.2.216165348.1578216386,2020-01-09,Sochi,9
494,GA1.2.215996159.1580828099,2020-02-04,Sochi,15
495,GA1.2.2145698668.1581660997,2020-02-14,Sochi,9
496,GA1.2.2141685837.1563431684,2020-01-16,Sochi,15
497,GA1.2.2139398268.1578673009,2020-01-10,Sochi,5
498,GA1.2.2117671587.1579369480,2020-02-17,Sochi,15
499,GA1.2.211261253.1581099189,2020-02-07,Sochi,7
500,GA1.2.2109983307.1576618555,2020-01-14,Sochi,15
501,GA1.2.2098173110.1579524784,2020-01-20,Sochi,9
502,GA1.2.2094603676.1581490450,2020-02-12,Sochi,12
503,GA1.2.2089616079.1578736274,2020-01-11,Sochi,7
504,GA1.2.2085565622.1576575570,2020-02-15,Sochi,5
505,GA1.2.2085387745.1581362331,2020-02-10,Sochi,7
506,GA1.2.2072486804.1579793755,2020-01-23,Sochi,9
507,GA1.2.2058034627.1537554603,2020-01-02,Sochi,7
508,GA1.2.204624056.1580410388,2020-01-30,Sochi,10
509,GA1.2.2041388043.1578995918,2020-01-14,Sochi,7
510,GA1.2.2040571744.1579343888,2020-01-18,Sochi,4
511,GA1.2.2036941168.1578223721,2020-01-05,Sochi,11
512,GA1.2.2032824038.1581793472,2020-02-15,Sochi,8
513,GA1.2.2030721650.1581540397,2020-02-12,Sochi,9
514,GA1.2.2029192574.1579701702,2020-01-22,Sochi,15
515,GA1.2.2029192574.1579701702,2020-01-27,Sochi,13
516,GA1.2.2021537356.1581261787,2020-02-09,Sochi,8
517,GA1.2.2010388869.1578599914,2020-01-09,Sochi,10
518,GA1.2.2003951705.1580198905,2020-01-28,Sochi,15
519,GA1.2.2001912212.1578865325,2020-01-13,Sochi,10
520,GA1.2.1998378598.1578737079,2020-01-11,Sochi,8
521,GA1.2.1986709592.1564337599,2020-01-31,Sochi,8
522,GA1.2.1985209503.1577907807,2020-01-01,Sochi,14
523,GA1.2.1981309511.1579015915,2020-01-14,Sochi,1
524,GA1.2.1977183499.1580895689,2020-02-05,Sochi,15
525,GA1.2.1974766831.1581077196,2020-02-07,Sochi,12
526,GA1.2.196936478.1580204725,2020-01-30,Sochi,5
527,GA1.2.1966061897.1579986975,2020-01-28,Sochi,13
528,GA1.2.1937000830.1578182734,2020-01-05,Sochi,10
529,GA1.2.1935061048.1577470887,2020-01-01,Sochi,8
530,GA1.2.1933970348.1578228960,2020-01-16,Sochi,4
531,GA1.2.1929069067.1578916318,2020-01-13,Sochi,7
532,GA1.2.1921243248.1567667508,2020-01-31,Sochi,9
533,GA1.2.1896829598.1580900950,2020-02-09,Sochi,15
534,GA1.2.1896829598.1580900950,2020-02-15,Sochi,7
535,GA1.2.1871275096.1578939337,2020-01-13,Sochi,5
536,GA1.2.1869541875.1580984271,2020-02-06,Sochi,7
537,GA1.2.1866526703.1571059723,2020-01-23,Sochi,7
538,GA1.2.1851314927.1580235231,2020-01-28,Sochi,6
539,GA1.2.1828744596.1580315871,2020-01-29,Sochi,15
540,GA1.2.1828101230.1579369916,2020-01-22,Sochi,15
541,GA1.2.1823139271.1561379058,2020-01-18,Sochi,10
542,GA1.2.1821061268.1581280534,2020-02-09,Sochi,7
543,GA1.2.1818115472.1578829489,2020-01-12,Sochi,2
544,GA1.2.1816662244.1580396352,2020-01-30,Sochi,13
545,GA1.2.1816536600.1580989579,2020-02-06,Sochi,5
546,GA1.2.1815979986.1580136706,2020-01-27,Sochi,3
547,GA1.2.1808706836.1577327861,2020-01-04,Sochi,4
548,GA1.2.1783935885.1578650132,2020-01-10,Sochi,2
549,GA1.2.1783079207.1578604284,2020-01-10,Sochi,7
550,GA1.2.1771321604.1579350961,2020-01-18,Sochi,15
551,GA1.2.1748276452.1579201670,2020-01-16,Sochi,15
552,GA1.2.1742250066.1581330836,2020-02-10,Sochi,2
553,GA1.2.17415283.1577039852,2020-01-23,Sochi,10
554,GA1.2.1737196945.1575491377,2020-02-08,Sochi,9
555,GA1.2.1737196945.1575491377,2020-02-08,Sochi,14
556,GA1.2.1736749140.1578057141,2020-01-03,Sochi,10
557,GA1.2.1729751714.1579788961,2020-01-23,Sochi,7
558,GA1.2.1728584011.1581830796,2020-02-16,Sochi,10
559,GA1.2.1726095967.1581928769,2020-02-17,Sochi,4
560,GA1.2.1723776459.1578401364,2020-01-07,Sochi,8
561,GA1.2.1715399240.1575803685,2020-01-23,Sochi,8
562,GA1.2.1714674796.1578082674,2020-01-03,Sochi,4
563,GA1.2.1709441945.1581230909,2020-02-11,Sochi,7
564,GA1.2.1694018801.1580741567,2020-02-05,Sochi,9
565,GA1.2.1690064382.1579254320,2020-01-17,Sochi,10
566,GA1.2.1689849157.1578988496,2020-01-14,Sochi,10
567,GA1.2.1658477516.1578238956,2020-01-05,Sochi,6
568,GA1.2.1645982735.1578725334,2020-01-11,Sochi,12
569,GA1.2.1645961622.1579078662,2020-01-18,Sochi,11
570,GA1.2.1641430754.1580156665,2020-01-29,Sochi,3
571,GA1.2.1634618082.1580571735,2020-02-01,Sochi,10
572,GA1.2.1633054112.1578555396,2020-01-09,Sochi,4
573,GA1.2.1631778912.1577956129,2020-01-02,Sochi,15
574,GA1.2.1629310610.1580658403,2020-02-02,Sochi,15
575,GA1.2.1627859176.1578679577,2020-01-10,Sochi,5
576,GA1.2.1627315667.1581590839,2020-02-13,Sochi,4
577,GA1.2.161910754.1580138075,2020-01-27,Sochi,8
578,GA1.2.1605376566.1579328413,2020-01-18,Sochi,8
579,GA1.2.1603979418.1579364323,2020-01-18,Sochi,15
580,GA1.2.1603604459.1578678032,2020-01-10,Sochi,7
581,GA1.2.1603604459.1578678032,2020-01-10,Sochi,7
582,GA1.2.1603161394.1581918620,2020-02-17,Sochi,3
583,GA1.2.1603161394.1581918620,2020-02-17,Sochi,8
584,GA1.2.1595811954.1577743241,2020-01-31,Sochi,7
585,GA1.2.159388851.1581075466,2020-02-07,Sochi,1
586,GA1.2.1580728470.1578373401,2020-01-07,Sochi,2
587,GA1.2.1572538014.1572360780,2020-01-05,Sochi,10
588,GA1.2.1567059709.1578232357,2020-01-09,Sochi,10
589,GA1.2.1560677957.1577594733,2020-01-28,Sochi,5
590,GA1.2.1547098743.1573323722,2020-02-12,Sochi,8
591,GA1.2.1530898279.1579501709,2020-01-20,Sochi,5
592,GA1.2.1528372963.1579259613,2020-01-19,Sochi,10
593,GA1.2.1527192468.1578921421,2020-01-13,Sochi,8
594,GA1.2.1525853233.1581190017,2020-02-08,Sochi,15
595,GA1.2.1514258927.1580728477,2020-02-03,Sochi,10
596,GA1.2.1512371203.1580763372,2020-02-03,Sochi,8
597,GA1.2.1506960583.1570391234,2020-01-26,Sochi,2
598,GA1.2.1482948674.1576793686,2020-01-24,Sochi,7
599,GA1.2.1482948674.1576793686,2020-01-31,Sochi,10
600,GA1.2.1471625399.1580375801,2020-01-30,Sochi,9
601,GA1.2.147152271.1578236231,2020-01-05,Sochi,8
602,GA1.2.1463417047.1580714103,2020-02-12,Sochi,7
603,GA1.2.1450469396.1579009092,2020-01-14,Sochi,10
604,GA1.2.1445258677.1581171597,2020-02-08,Sochi,13
605,GA1.2.1444104206.1577955596,2020-01-02,Sochi,12
606,GA1.2.143695584.1579044277,2020-01-23,Sochi,15
607,GA1.2.1420592029.1579631780,2020-01-26,Sochi,15
608,GA1.2.1414450239.1580822274,2020-02-04,Sochi,15
609,GA1.2.1414147184.1578425942,2020-01-07,Sochi,4
610,GA1.2.1409815063.1580886333,2020-02-05,Sochi,10
611,GA1.2.1401838853.1578839835,2020-01-12,Sochi,9
612,GA1.2.1400044823.1580669719,2020-02-02,Sochi,8
613,GA1.2.1392378058.1571725932,2020-01-27,Sochi,7
614,GA1.2.1392378058.1571725932,2020-02-17,Sochi,13
615,GA1.2.138968314.1580315699,2020-02-13,Sochi,4
616,GA1.2.1388517791.1581886778,2020-02-16,Sochi,5
617,GA1.2.13865295.1581013537,2020-02-06,Sochi,13
618,GA1.2.1383515147.1579621991,2020-01-21,Sochi,4
619,GA1.2.1374142257.1580721173,2020-02-03,Sochi,1
620,GA1.2.1367068203.1577884293,2020-01-02,Sochi,15
621,GA1.2.1358545388.1580649211,2020-02-02,Sochi,8
622,GA1.2.1358159018.1578353281,2020-01-24,Sochi,10
623,GA1.2.1358159018.1578353281,2020-01-24,Sochi,6
624,GA1.2.1353035714.1580296869,2020-01-29,Sochi,4
625,GA1.2.1350270036.1578498723,2020-01-08,Sochi,9
626,GA1.2.1345962193.1581579804,2020-02-13,Sochi,5
627,GA1.2.1340042941.1578389055,2020-01-07,Sochi,8
628,GA1.2.1336323511.1579612308,2020-01-21,Sochi,13
629,GA1.2.13293635.1580394410,2020-01-30,Sochi,9
630,GA1.2.13293635.1580394410,2020-01-30,Sochi,7
631,GA1.2.1319206421.1580811824,2020-02-04,Sochi,8
632,GA1.2.1316873143.1578728047,2020-01-23,Sochi,10
633,GA1.2.1307330427.1577967408,2020-01-02,Sochi,10
634,GA1.2.1297582457.1580628095,2020-02-02,Sochi,10
635,GA1.2.1296505672.1580707429,2020-02-03,Sochi,8
636,GA1.2.1266935872.1575914980,2020-02-09,Sochi,10
637,GA1.2.1258673431.1578392753,2020-01-07,Sochi,8
638,GA1.2.1258433304.1581345687,2020-02-10,Sochi,12
639,GA1.2.1250580310.1569229460,2020-01-21,Sochi,15
640,GA1.2.1248652483.1579965329,2020-01-26,Sochi,7
641,GA1.2.1207162318.1578131084,2020-01-08,Sochi,10
642,GA1.2.118978417.1579429272,2020-02-14,Sochi,8
643,GA1.2.1180736468.1578004979,2020-01-03,Sochi,8
644,GA1.2.1173318328.1580158571,2020-01-27,Sochi,4
645,GA1.2.1170270494.1579359441,2020-01-18,Sochi,10
646,GA1.2.116941756.1579892124,2020-01-24,Sochi,9
647,GA1.2.1168730644.1574885748,2020-02-08,Sochi,9
648,GA1.2.1168150883.1579519523,2020-01-20,Sochi,9
649,GA1.2.1134295351.1579099092,2020-01-15,Sochi,13
650,GA1.2.1129686411.1579293589,2020-02-07,Sochi,8
651,GA1.2.112873317.1577333259,2020-01-03,Sochi,4
652,GA1.2.112092770.1578793678,2020-01-12,Sochi,15
653,GA1.2.1120833138.1580802279,2020-02-04,Sochi,10
654,GA1.2.1113450605.1554360879,2020-01-28,Sochi,13
655,GA1.2.1106419983.1581932395,2020-02-17,Sochi,8
656,GA1.2.1081550475.1579627190,2020-01-21,Sochi,9
657,GA1.2.1076096012.1570278549,2020-01-28,Sochi,13
658,GA1.2.1073611512.1580108964,2020-01-27,Sochi,8
659,GA1.2.1073261533.1526804885,2020-01-13,Sochi,10
660,GA1.2.1059133365.1579423392,2020-01-29,Sochi,8
661,GA1.2.1055432992.1578309984,2020-01-06,Sochi,7
662,GA1.2.1054666890.1579421521,2020-01-29,Sochi,5
663,GA1.2.1054666890.1579421521,2020-01-29,Sochi,8
664,GA1.2.1035735619.1577889423,2020-01-01,Sochi,11
665,GA1.2.1012219229.1579630876,2020-01-21,Sochi,15
666,GA1.2.694498578.1581358931,2020-02-10,Slavyansk-na-Kubani,8
667,GA1.2.694498578.1581358931,2020-02-10,Slavyansk-na-Kubani,10
668,GA1.2.317570598.1581424920,2020-02-11,Slavyansk-na-Kubani,13
669,GA1.2.257164857.1578229341,2020-01-05,Slavyansk-na-Kubani,2
670,GA1.2.2022372628.1581511690,2020-02-12,Slavyansk-na-Kubani,8
671,GA1.2.1964545955.1581591714,2020-02-13,Slavyansk-na-Kubani,4
672,GA1.2.1917157960.1565939989,2020-01-31,Slavyansk-na-Kubani,8
673,GA1.2.1881983087.1568292215,2020-01-15,Slavyansk-na-Kubani,9
674,GA1.2.1550825968.1580514084,2020-02-01,Slavyansk-na-Kubani,9
675,GA1.2.1453706326.1579628998,2020-01-21,Slavyansk-na-Kubani,7
676,GA1.2.1375812619.1580576043,2020-02-01,Slavyansk-na-Kubani,13
677,GA1.2.1103080671.1578580688,2020-01-09,Slavyansk-na-Kubani,10
678,GA1.2.961313080.1580380103,2020-01-30,Simferopol,10
679,GA1.2.913978562.1580910684,2020-02-05,Simferopol,10
680,GA1.2.911247622.1580452459,2020-01-31,Simferopol,9
681,GA1.2.911247622.1580452459,2020-01-31,Simferopol,4
682,GA1.2.909767482.1581509003,2020-02-12,Simferopol,10
683,GA1.2.899775571.1580926833,2020-02-05,Simferopol,15
684,GA1.2.862490749.1580196987,2020-01-28,Simferopol,15
685,GA1.2.790521940.1578857766,2020-01-12,Simferopol,4
686,GA1.2.722639312.1578891070,2020-01-13,Simferopol,2
687,GA1.2.707759928.1580892899,2020-02-06,Simferopol,2
688,GA1.2.693513385.1581827475,2020-02-16,Simferopol,8
689,GA1.2.625169314.1577833723,2020-01-01,Simferopol,7
690,GA1.2.625169314.1577833723,2020-01-01,Simferopol,10
691,GA1.2.61213375.1580412696,2020-01-30,Simferopol,7
692,GA1.2.579278322.1579612211,2020-02-04,Simferopol,10
693,GA1.2.576500143.1581883414,2020-02-17,Simferopol,8
694,GA1.2.534274430.1578254624,2020-01-05,Simferopol,10
695,GA1.2.534274430.1578254624,2020-01-05,Simferopol,7
696,GA1.2.52289702.1581266330,2020-02-09,Simferopol,8
697,GA1.2.498625604.1576514091,2020-01-20,Simferopol,9
698,GA1.2.498625604.1576514091,2020-01-23,Simferopol,10
699,GA1.2.479681116.1579001987,2020-01-14,Simferopol,15
700,GA1.2.467943229.1581738669,2020-02-15,Simferopol,10
701,GA1.2.448283685.1581237265,2020-02-09,Simferopol,9
702,GA1.2.369506389.1578252541,2020-01-05,Simferopol,8
703,GA1.2.319712261.1578636935,2020-01-10,Simferopol,9
704,GA1.2.221591466.1578237021,2020-01-05,Simferopol,10
705,GA1.2.2131830356.1578917427,2020-01-13,Simferopol,15
706,GA1.2.2109295540.1578252658,2020-01-05,Simferopol,15
707,GA1.2.2074863941.1581534214,2020-02-12,Simferopol,7
708,GA1.2.2074863941.1581534214,2020-02-13,Simferopol,9
709,GA1.2.2013935110.1581569739,2020-02-13,Simferopol,7
710,GA1.2.1979497019.1580328899,2020-02-06,Simferopol,15
711,GA1.2.1929674702.1578210324,2020-01-05,Simferopol,13
712,GA1.2.1892980880.1580231615,2020-01-28,Simferopol,5
713,GA1.2.1892980880.1580231615,2020-01-28,Simferopol,13
714,GA1.2.1769689042.1578776618,2020-01-12,Simferopol,10
715,GA1.2.1662295372.1581477284,2020-02-12,Simferopol,7
716,GA1.2.1616417896.1580307794,2020-01-29,Simferopol,8
717,GA1.2.1592846504.1580478505,2020-01-31,Simferopol,4
718,GA1.2.1412026604.1581229562,2020-02-09,Simferopol,15
719,GA1.2.1332872377.1578904127,2020-01-13,Simferopol,15
720,GA1.2.1264690412.1578838321,2020-01-12,Simferopol,7
721,GA1.2.1240562871.1579009757,2020-01-15,Simferopol,12
722,GA1.2.1214330290.1577591784,2020-01-02,Simferopol,7
723,GA1.2.1204772785.1579856518,2020-01-24,Simferopol,10
724,GA1.2.1145533115.1578025017,2020-01-03,Simferopol,5
725,GA1.2.1076986860.1578577639,2020-01-09,Simferopol,15
726,GA1.2.1057516516.1580003127,2020-01-26,Simferopol,7
727,GA1.2.1057516516.1580003127,2020-02-02,Simferopol,7
728,GA1.2.307773847.1570448020,2020-01-20,Shakhty,4
729,GA1.2.838125230.1579763253,2020-01-23,Sevastopol,9
730,GA1.2.73988755.1579894284,2020-01-28,Sevastopol,11
731,GA1.2.670318058.1578209233,2020-01-05,Sevastopol,10
732,GA1.2.534445241.1579465094,2020-01-19,Sevastopol,15
733,GA1.2.221070544.1579513249,2020-01-20,Sevastopol,10
734,GA1.2.2095500156.1579884196,2020-01-31,Sevastopol,7
735,GA1.2.1932492248.1576752829,2020-01-12,Sevastopol,13
736,GA1.2.1752244969.1579984305,2020-01-26,Sevastopol,11
737,GA1.2.1742172121.1579080884,2020-01-15,Sevastopol,9
738,GA1.2.1645853922.1581510950,2020-02-12,Sevastopol,4
739,GA1.2.1524849467.1580668094,2020-02-02,Sevastopol,4
740,GA1.2.1511441984.1581761544,2020-02-15,Sevastopol,4
741,GA1.2.1415926450.1579460099,2020-01-19,Sevastopol,6
742,GA1.2.1407330937.1579873305,2020-01-24,Sevastopol,7
743,GA1.2.1392606938.1580841810,2020-02-04,Sevastopol,10
744,GA1.2.1284688484.1579935071,2020-01-25,Sevastopol,8
745,GA1.2.1284688484.1579935071,2020-01-25,Sevastopol,15
746,GA1.2.1263627644.1581395921,2020-02-11,Sevastopol,9
747,GA1.2.1263627644.1581395921,2020-02-12,Sevastopol,10
748,GA1.2.115660381.1579879850,2020-01-24,Sevastopol,8
749,GA1.2.1040768543.1580757649,2020-02-03,Sevastopol,7
750,GA1.2.1018127862.1580568040,2020-01-31,Sevastopol,8
751,GA1.2.646965762.1579612095,2020-01-21,Serpukhov,15
752,GA1.2.1079890470.1576793030,2020-01-06,Semender,15
753,GA1.2.877231529.1578440527,2020-01-08,Sao Paulo,15
754,GA1.2.51664456.1581636051,2020-02-14,Santiago,2
755,GA1.2.365548120.1578611843,2020-01-10,Santiago,12
756,GA1.2.1666631317.1581558200,2020-02-13,Santiago,9
757,GA1.2.1602766460.1581717793,2020-02-15,Santiago,9
758,GA1.2.143242799.1577858184,2020-01-01,Santiago,7
759,GA1.2.1284086074.1578192878,2020-01-05,Santiago,7
760,GA1.2.1244861866.1579974978,2020-01-25,Santiago,6
761,GA1.2.935317974.1578237487,2020-01-05,Samara,4
762,GA1.2.1779379830.1580387148,2020-01-30,Samara,7
763,GA1.2.1335652070.1578049038,2020-01-03,Samara,15
764,GA1.2.1169495799.1581072848,2020-02-07,Samara,11
765,GA1.2.635728941.1580471989,2020-01-31,Salsk,13
766,GA1.2.89363517.1576614390,2020-02-01,Saint Petersburg,9
767,GA1.2.857428359.1580721549,2020-02-03,Saint Petersburg,13
768,GA1.2.842599034.1578426001,2020-01-12,Saint Petersburg,1
769,GA1.2.728422968.1578039801,2020-01-03,Saint Petersburg,7
770,GA1.2.512418879.1580823164,2020-02-04,Saint Petersburg,5
771,GA1.2.445309152.1580048478,2020-01-26,Saint Petersburg,9
772,GA1.2.414569633.1577655391,2020-01-04,Saint Petersburg,8
773,GA1.2.413327130.1580337819,2020-01-30,Saint Petersburg,10
774,GA1.2.393014008.1581152062,2020-02-08,Saint Petersburg,13
775,GA1.2.284374547.1577618743,2020-01-15,Saint Petersburg,15
776,GA1.2.2133236560.1581348781,2020-02-10,Saint Petersburg,15
777,GA1.2.2116322115.1580725485,2020-02-03,Saint Petersburg,2
778,GA1.2.1964508348.1580634291,2020-02-02,Saint Petersburg,13
779,GA1.2.1933819256.1581098123,2020-02-08,Saint Petersburg,10
780,GA1.2.1684678046.1570813767,2020-02-08,Saint Petersburg,10
781,GA1.2.1603320409.1580590622,2020-02-03,Saint Petersburg,13
782,GA1.2.1577107414.1578637970,2020-01-10,Saint Petersburg,8
783,GA1.2.1557388149.1579337120,2020-01-18,Saint Petersburg,7
784,GA1.2.1530134992.1580905621,2020-02-05,Saint Petersburg,9
785,GA1.2.1489175055.1579092985,2020-01-15,Saint Petersburg,7
786,GA1.2.1475005412.1579991498,2020-01-26,Saint Petersburg,13
787,GA1.2.133123563.1580321843,2020-01-29,Saint Petersburg,11
788,GA1.2.1070132080.1581430641,2020-02-11,Saint Petersburg,5
789,GA1.2.1812007012.1579809099,2020-01-23,Ryazan,9
790,GA1.2.980431237.1579695429,2020-01-22,Rostov-on-Don,3
791,GA1.2.978060115.1581404054,2020-02-11,Rostov-on-Don,8
792,GA1.2.973480991.1572933319,2020-01-10,Rostov-on-Don,7
793,GA1.2.958844721.1578943069,2020-01-13,Rostov-on-Don,11
794,GA1.2.955578162.1579850251,2020-01-24,Rostov-on-Don,13
795,GA1.2.91996977.1577988824,2020-01-02,Rostov-on-Don,2
796,GA1.2.901045742.1579374091,2020-01-18,Rostov-on-Don,10
797,GA1.2.89775426.1580674280,2020-02-02,Rostov-on-Don,7
798,GA1.2.865711007.1580557202,2020-02-05,Rostov-on-Don,9
799,GA1.2.865711007.1580557202,2020-02-05,Rostov-on-Don,15
800,GA1.2.865711007.1580557202,2020-02-10,Rostov-on-Don,5
801,GA1.2.835071492.1579852802,2020-01-24,Rostov-on-Don,5
802,GA1.2.807829983.1578726703,2020-01-11,Rostov-on-Don,9
803,GA1.2.805131018.1579698795,2020-02-05,Rostov-on-Don,15
804,GA1.2.800742007.1578693146,2020-01-11,Rostov-on-Don,5
805,GA1.2.796403047.1576089189,2020-01-30,Rostov-on-Don,12
806,GA1.2.795363218.1579776563,2020-01-23,Rostov-on-Don,5
807,GA1.2.794114637.1580931953,2020-02-05,Rostov-on-Don,10
808,GA1.2.792404505.1578574566,2020-01-09,Rostov-on-Don,15
809,GA1.2.791363761.1580117766,2020-02-01,Rostov-on-Don,8
810,GA1.2.722485734.1575999687,2020-01-03,Rostov-on-Don,1
811,GA1.2.716961240.1575229161,2020-02-12,Rostov-on-Don,8
812,GA1.2.690029203.1579493995,2020-01-20,Rostov-on-Don,8
813,GA1.2.677543155.1572971696,2020-01-17,Rostov-on-Don,4
814,GA1.2.677128915.1580795619,2020-02-04,Rostov-on-Don,13
815,GA1.2.650961724.1580396480,2020-01-30,Rostov-on-Don,9
816,GA1.2.629675586.1577709983,2020-01-29,Rostov-on-Don,10
817,GA1.2.61648058.1580637685,2020-02-02,Rostov-on-Don,2
818,GA1.2.603258899.1579363150,2020-01-18,Rostov-on-Don,7
819,GA1.2.587260773.1581798085,2020-02-15,Rostov-on-Don,4
820,GA1.2.587260773.1581798085,2020-02-15,Rostov-on-Don,15
821,GA1.2.57357746.1579614621,2020-01-25,Rostov-on-Don,8
822,GA1.2.563466479.1580509953,2020-02-01,Rostov-on-Don,5
823,GA1.2.550309541.1581528792,2020-02-13,Rostov-on-Don,10
824,GA1.2.542431155.1578818254,2020-01-12,Rostov-on-Don,10
825,GA1.2.516734442.1580924683,2020-02-12,Rostov-on-Don,7
826,GA1.2.501476157.1581166280,2020-02-08,Rostov-on-Don,9
827,GA1.2.479659385.1581017164,2020-02-06,Rostov-on-Don,10
828,GA1.2.476360084.1578154165,2020-01-04,Rostov-on-Don,15
829,GA1.2.445607610.1580711463,2020-02-03,Rostov-on-Don,8
830,GA1.2.421221078.1580838511,2020-02-04,Rostov-on-Don,7
831,GA1.2.411386416.1580239894,2020-01-28,Rostov-on-Don,13
832,GA1.2.400831339.1581748081,2020-02-15,Rostov-on-Don,10
833,GA1.2.365329448.1579529409,2020-01-20,Rostov-on-Don,8
834,GA1.2.351645796.1577675798,2020-01-05,Rostov-on-Don,15
835,GA1.2.346547712.1579242407,2020-02-05,Rostov-on-Don,15
836,GA1.2.333179043.1576792082,2020-02-01,Rostov-on-Don,7
837,GA1.2.333163180.1580756571,2020-02-10,Rostov-on-Don,7
838,GA1.2.330012714.1579145507,2020-01-16,Rostov-on-Don,7
839,GA1.2.315698315.1578499216,2020-01-08,Rostov-on-Don,10
840,GA1.2.279925915.1580383698,2020-01-30,Rostov-on-Don,10
841,GA1.2.255899681.1564687970,2020-01-04,Rostov-on-Don,2
842,GA1.2.2132402422.1578142252,2020-01-04,Rostov-on-Don,15
843,GA1.2.2118931693.1577418722,2020-01-04,Rostov-on-Don,5
844,GA1.2.2084485750.1580003166,2020-01-26,Rostov-on-Don,15
845,GA1.2.2074414276.1580065310,2020-01-30,Rostov-on-Don,10
846,GA1.2.2025487779.1578749915,2020-01-11,Rostov-on-Don,8
847,GA1.2.2016111615.1578569191,2020-01-09,Rostov-on-Don,10
848,GA1.2.2013252660.1578838137,2020-01-12,Rostov-on-Don,8
849,GA1.2.2005196203.1580899746,2020-02-05,Rostov-on-Don,3
850,GA1.2.2003349903.1580407147,2020-01-30,Rostov-on-Don,10
851,GA1.2.2003349903.1580407147,2020-01-30,Rostov-on-Don,9
852,GA1.2.196429946.1581165536,2020-02-08,Rostov-on-Don,15
853,GA1.2.192897148.1580492776,2020-01-31,Rostov-on-Don,5
854,GA1.2.1867813838.1580464649,2020-01-31,Rostov-on-Don,15
855,GA1.2.1853760916.1579158413,2020-01-16,Rostov-on-Don,15
856,GA1.2.1832327412.1577726764,2020-01-03,Rostov-on-Don,8
857,GA1.2.1823974094.1570697747,2020-01-04,Rostov-on-Don,2
858,GA1.2.1820903236.1579195705,2020-01-17,Rostov-on-Don,11
859,GA1.2.1800266666.1580242322,2020-01-28,Rostov-on-Don,7
860,GA1.2.1790029106.1578483861,2020-01-08,Rostov-on-Don,10
861,GA1.2.1778870696.1577727156,2020-01-03,Rostov-on-Don,9
862,GA1.2.1765113820.1579978550,2020-01-25,Rostov-on-Don,5
863,GA1.2.175828840.1578151181,2020-01-04,Rostov-on-Don,12
864,GA1.2.1744438006.1578411100,2020-01-07,Rostov-on-Don,11
865,GA1.2.1740944882.1581952691,2020-02-17,Rostov-on-Don,10
866,GA1.2.1729226638.1581007506,2020-02-07,Rostov-on-Don,10
867,GA1.2.1728006234.1580372470,2020-01-30,Rostov-on-Don,7
868,GA1.2.1715989859.1578343576,2020-01-06,Rostov-on-Don,7
869,GA1.2.1711407475.1580056627,2020-01-26,Rostov-on-Don,8
870,GA1.2.1709674103.1581437487,2020-02-11,Rostov-on-Don,1
871,GA1.2.1699758409.1578212097,2020-01-05,Rostov-on-Don,15
872,GA1.2.1631882289.1581151236,2020-02-08,Rostov-on-Don,7
873,GA1.2.1602540150.1578989305,2020-01-14,Rostov-on-Don,15
874,GA1.2.1600604969.1579243974,2020-01-17,Rostov-on-Don,5
875,GA1.2.1597679817.1581576444,2020-02-13,Rostov-on-Don,15
876,GA1.2.1596828436.1580122388,2020-01-29,Rostov-on-Don,7
877,GA1.2.1588570519.1578220232,2020-01-05,Rostov-on-Don,10
878,GA1.2.1588570519.1578220232,2020-01-07,Rostov-on-Don,4
879,GA1.2.1576188025.1580448676,2020-02-02,Rostov-on-Don,15
880,GA1.2.1576188025.1580448676,2020-02-06,Rostov-on-Don,7
881,GA1.2.1526015533.1581489016,2020-02-12,Rostov-on-Don,10
882,GA1.2.1508704175.1578495537,2020-01-08,Rostov-on-Don,10
883,GA1.2.1502430836.1579632771,2020-01-21,Rostov-on-Don,15
884,GA1.2.1443943145.1581271578,2020-02-09,Rostov-on-Don,9
885,GA1.2.1434496813.1580464162,2020-01-31,Rostov-on-Don,10
886,GA1.2.1402121580.1581493206,2020-02-12,Rostov-on-Don,4
887,GA1.2.1392487300.1579719351,2020-01-22,Rostov-on-Don,4
888,GA1.2.1304017178.1578916619,2020-01-13,Rostov-on-Don,7
889,GA1.2.1293395840.1581667589,2020-02-14,Rostov-on-Don,10
890,GA1.2.129292675.1579183689,2020-01-16,Rostov-on-Don,12
891,GA1.2.1281353219.1581838780,2020-02-16,Rostov-on-Don,8
892,GA1.2.1267516760.1580670511,2020-02-02,Rostov-on-Don,8
893,GA1.2.1252722606.1579706883,2020-01-22,Rostov-on-Don,9
894,GA1.2.1219539005.1578036046,2020-01-03,Rostov-on-Don,8
895,GA1.2.1191088890.1565261727,2020-01-21,Rostov-on-Don,10
896,GA1.2.1179101906.1578954907,2020-01-14,Rostov-on-Don,8
897,GA1.2.1177545120.1578692330,2020-01-10,Rostov-on-Don,15
898,GA1.2.1167541499.1579027480,2020-01-14,Rostov-on-Don,4
899,GA1.2.116719281.1580706369,2020-02-03,Rostov-on-Don,5
900,GA1.2.116286819.1580377584,2020-01-30,Rostov-on-Don,10
901,GA1.2.1140070147.1572894027,2020-02-17,Rostov-on-Don,13
902,GA1.2.1139961474.1578678324,2020-01-28,Rostov-on-Don,11
903,GA1.2.1110961114.1578677969,2020-01-10,Rostov-on-Don,10
904,GA1.2.1061912139.1579016914,2020-01-14,Rostov-on-Don,7
905,GA1.2.1051427932.1577020209,2020-01-11,Rostov-on-Don,15
906,GA1.2.1051427932.1577020209,2020-01-19,Rostov-on-Don,8
907,GA1.2.1047717893.1580243412,2020-01-28,Rostov-on-Don,10
908,GA1.2.1029829693.1579158022,2020-01-16,Rostov-on-Don,4
909,GA1.2.102425283.1581859588,2020-02-16,Rostov-on-Don,7
910,GA1.2.973771361.1570035149,2020-01-19,Ramenskoye,8
911,GA1.2.195338349.1568230475,2020-01-27,Ramenskoye,15
912,GA1.2.99438548.1576400319,2020-01-23,Pyatigorsk,7
913,GA1.2.938211873.1579161206,2020-02-10,Pyatigorsk,9
914,GA1.2.938211873.1579161206,2020-02-11,Pyatigorsk,7
915,GA1.2.932272231.1581438622,2020-02-11,Pyatigorsk,10
916,GA1.2.91994121.1572632065,2020-01-07,Pyatigorsk,15
917,GA1.2.883450881.1578477449,2020-01-08,Pyatigorsk,10
918,GA1.2.770882023.1580417630,2020-01-30,Pyatigorsk,10
919,GA1.2.770090172.1581573830,2020-02-13,Pyatigorsk,15
920,GA1.2.612650903.1579721166,2020-01-22,Pyatigorsk,10
921,GA1.2.59536715.1581610413,2020-02-13,Pyatigorsk,7
922,GA1.2.567906225.1581693632,2020-02-14,Pyatigorsk,10
923,GA1.2.385250858.1574699014,2020-01-09,Pyatigorsk,10
924,GA1.2.382848376.1570471950,2020-01-08,Pyatigorsk,9
925,GA1.2.249993533.1581018979,2020-02-06,Pyatigorsk,8
926,GA1.2.2096906702.1579594583,2020-01-21,Pyatigorsk,9
927,GA1.2.1985795516.1579514848,2020-01-20,Pyatigorsk,9
928,GA1.2.1985795516.1579514848,2020-01-20,Pyatigorsk,7
929,GA1.2.1884490456.1579760153,2020-01-23,Pyatigorsk,8
930,GA1.2.1661229126.1580580678,2020-02-01,Pyatigorsk,15
931,GA1.2.1585177372.1581671540,2020-02-14,Pyatigorsk,10
932,GA1.2.1565158350.1580140433,2020-01-27,Pyatigorsk,15
933,GA1.2.1278436478.1581273449,2020-02-09,Pyatigorsk,10
934,GA1.2.1236238564.1579010370,2020-01-14,Pyatigorsk,13
935,GA1.2.1230983617.1580146508,2020-01-27,Pyatigorsk,9
936,GA1.2.1120657375.1579614055,2020-02-16,Pyatigorsk,7
937,GA1.2.1103218631.1579111876,2020-01-15,Pyatigorsk,12
938,GA1.2.106791068.1574095562,2020-01-12,Pyatigorsk,9
939,GA1.2.105500073.1570635497,2020-01-05,Pyatigorsk,7
940,GA1.2.1012658091.1579772910,2020-01-23,Pyatigorsk,7
941,GA1.2.1008521406.1580019979,2020-01-26,Pyatigorsk,10
942,GA1.2.659354569.1579085105,2020-01-15,Prokhladny,10
943,GA1.2.902662802.1580835086,2020-02-04,Primorsko-Akhtarsk,13
944,GA1.2.1822658987.1581186057,2020-02-08,Primorsko-Akhtarsk,13
945,GA1.2.1637724242.1581416815,2020-02-11,Primorsko-Akhtarsk,9
946,GA1.2.157840198.1581096827,2020-02-07,Primorsko-Akhtarsk,7
947,GA1.2.157840198.1581096827,2020-02-07,Primorsko-Akhtarsk,8
948,GA1.2.1941046302.1581927960,2020-02-17,Podolsk,15
949,GA1.2.2071161740.1580972314,2020-02-06,Perm,13
950,GA1.2.1712384155.1581177983,2020-02-08,Perm,15
951,GA1.2.1655506849.1576858623,2020-01-20,Perm,10
952,GA1.2.88370911.1574653921,2020-01-08,Pattaya City,15
953,GA1.2.375924657.1579535089,2020-01-20,Omsk,5
954,GA1.2.1395746601.1578468404,2020-01-08,Omsk,10
955,GA1.2.1763113117.1580973754,2020-02-06,Oktyabrs'ke,13
956,GA1.2.1200147182.1580139794,2020-01-27,Oktyabrs'ke,3
957,GA1.2.303569693.1580054883,2020-01-26,Odintsovo,15
958,GA1.2.303569693.1580054883,2020-01-26,Odintsovo,15
959,GA1.2.1888768531.1580794245,2020-02-04,Odintsovo,13
960,GA1.2.1743080611.1580724808,2020-02-03,Odesa,10
961,GA1.2.336806054.1578857324,2020-01-12,Obninsk,8
962,GA1.2.1860681884.1578905438,2020-01-13,Obninsk,10
963,GA1.2.2111914771.1578423984,2020-01-07,Nur-Sultan,15
964,GA1.2.1545031767.1578831298,2020-01-12,Nur-Sultan,8
965,GA1.2.105232457.1578760776,2020-01-19,Novy Urengoy,13
966,GA1.2.1655226765.1578300039,2020-01-06,Novoye Devyatkino,10
967,GA1.2.1635023635.1578505185,2020-01-08,Novotitarovskaya,15
968,GA1.2.1447886649.1581053730,2020-02-07,Novotitarovskaya,12
969,GA1.2.1246320733.1581855974,2020-02-16,Novotitarovskaya,5
970,GA1.2.656109501.1579347171,2020-01-18,Novosibirsk,10
971,GA1.2.1659648490.1579060012,2020-01-15,Novosibirsk,8
972,GA1.2.1586824690.1563385960,2020-01-01,Novosibirsk,10
973,GA1.2.1191023261.1579530720,2020-01-21,Novosibirsk,13
974,GA1.2.2043682557.1581763060,2020-02-15,Novoshakhtinsk,10
975,GA1.2.903099133.1580398362,2020-01-30,Novorossiysk,6
976,GA1.2.823996574.1581029354,2020-02-07,Novorossiysk,11
977,GA1.2.823996574.1581029354,2020-02-07,Novorossiysk,10
978,GA1.2.805502747.1581771138,2020-02-15,Novorossiysk,8
979,GA1.2.739437425.1579861904,2020-01-24,Novorossiysk,10
980,GA1.2.719861100.1579081136,2020-01-15,Novorossiysk,5
981,GA1.2.679179574.1580934661,2020-02-05,Novorossiysk,12
982,GA1.2.663023750.1577261193,2020-01-28,Novorossiysk,8
983,GA1.2.578749773.1580277373,2020-01-29,Novorossiysk,7
984,GA1.2.507605637.1581926194,2020-02-17,Novorossiysk,9
985,GA1.2.482400094.1581616469,2020-02-13,Novorossiysk,7
986,GA1.2.462879699.1580335099,2020-02-07,Novorossiysk,10
987,GA1.2.399016639.1578209807,2020-01-05,Novorossiysk,8
988,GA1.2.332756283.1580202569,2020-02-17,Novorossiysk,9
989,GA1.2.267893470.1578254056,2020-01-05,Novorossiysk,6
990,GA1.2.2134286818.1561920198,2020-01-10,Novorossiysk,7
991,GA1.2.2087346370.1581005738,2020-02-07,Novorossiysk,10
992,GA1.2.2066313366.1581865869,2020-02-16,Novorossiysk,10
993,GA1.2.2023487623.1574857723,2020-01-23,Novorossiysk,2
994,GA1.2.2021537356.1581261787,2020-02-10,Novorossiysk,8
995,GA1.2.2019751199.1570776835,2020-01-23,Novorossiysk,5
996,GA1.2.1921083501.1581254470,2020-02-09,Novorossiysk,12
997,GA1.2.1845413124.1577919006,2020-01-15,Novorossiysk,7
998,GA1.2.1753324222.1577815285,2020-01-02,Novorossiysk,12
999,GA1.2.1749017474.1556209920,2020-02-07,Novorossiysk,15
1000,GA1.2.1686477123.1578398534,2020-01-08,Novorossiysk,8
1001,GA1.2.1680703090.1580115827,2020-01-27,Novorossiysk,12
1002,GA1.2.1622306830.1578747478,2020-01-11,Novorossiysk,15
1003,GA1.2.1555615664.1556179633,2020-01-15,Novorossiysk,1
1004,GA1.2.1389759659.1579425163,2020-01-21,Novorossiysk,15
1005,GA1.2.135205829.1578008626,2020-01-03,Novorossiysk,9
1006,GA1.2.127010040.1579545984,2020-01-20,Novorossiysk,7
1007,GA1.2.123159157.1581512927,2020-02-12,Novorossiysk,10
1008,GA1.2.1127784169.1577439968,2020-02-05,Novorossiysk,2
1009,GA1.2.1701370377.1580921535,2020-02-05,Novokuznetsk,4
1010,GA1.2.1690378079.1581015890,2020-02-06,Novokubansk,4
1011,GA1.2.1889961011.1580995414,2020-02-06,Novocherkassk,10
1012,GA1.2.337380494.1580186472,2020-01-28,Novocheboksarsk,9
1013,GA1.2.372715039.1577474922,2020-01-06,Norilsk,13
1014,GA1.2.262284258.1580269852,2020-01-29,Norilsk,1
1015,GA1.2.1836037645.1579071480,2020-01-16,Norilsk,7
1016,GA1.2.1552228584.1581703822,2020-02-14,Norilsk,9
1017,GA1.2.1506378203.1581128849,2020-02-08,Norilsk,1
1018,GA1.2.729196416.1580103590,2020-01-27,Nizhny Novgorod,12
1019,GA1.2.658922027.1565321611,2020-01-01,Nizhny Novgorod,11
1020,GA1.2.1311264739.1580053174,2020-01-30,Nizhny Novgorod,5
1021,GA1.2.1129005453.1579091111,2020-01-15,Nizhny Novgorod,12
1022,GA1.2.1997504682.1580556159,2020-02-04,Nikaia,15
1023,GA1.2.765062828.1581523864,2020-02-12,Nevinnomyssk,10
1024,GA1.2.745310782.1491748308,2020-01-11,Nevinnomyssk,7
1025,GA1.2.552173270.1575695610,2020-01-11,Nevinnomyssk,8
1026,GA1.2.527698204.1555526105,2020-01-07,Nevinnomyssk,13
1027,GA1.2.394510025.1581429208,2020-02-11,Nevinnomyssk,8
1028,GA1.2.1810048610.1578129922,2020-01-04,Nevinnomyssk,8
1029,GA1.2.180301770.1581086126,2020-02-13,Nevinnomyssk,12
1030,GA1.2.1599058535.1528961134,2020-01-31,Nevinnomyssk,10
1031,GA1.2.1599058535.1528961134,2020-02-05,Nevinnomyssk,7
1032,GA1.2.1469288609.1580371399,2020-01-30,Nevinnomyssk,15
1033,GA1.2.669114806.1581039623,2020-02-07,Neryungri,7
1034,GA1.2.183700160.1580967060,2020-02-06,Neryungri,7
1035,GA1.2.635613350.1581279885,2020-02-10,Nazran,8
1036,GA1.2.1745847363.1579469714,2020-01-20,Nazran,11
1037,GA1.2.1383729825.1580970814,2020-02-06,Nashville,10
1038,GA1.2.1684384958.1579694844,2020-01-22,Naryan-Mar,10
1039,GA1.2.887151248.1578843709,2020-01-12,Naro-Fominsk,8
1040,GA1.2.787829544.1580473151,2020-01-31,Nalchik,10
1041,GA1.2.757547644.1578215269,2020-01-05,Nalchik,10
1042,GA1.2.720786979.1580721422,2020-02-03,Nalchik,15
1043,GA1.2.654946225.1578647613,2020-01-10,Nalchik,6
1044,GA1.2.6436692.1579679960,2020-01-22,Nalchik,8
1045,GA1.2.608970749.1578040605,2020-01-10,Nalchik,11
1046,GA1.2.475553689.1577246374,2020-02-16,Nalchik,9
1047,GA1.2.379815051.1578156644,2020-01-04,Nalchik,6
1048,GA1.2.303994303.1576749400,2020-01-06,Nalchik,15
1049,GA1.2.1930898545.1579196034,2020-01-16,Nalchik,7
1050,GA1.2.1815042022.1578527761,2020-01-09,Nalchik,8
1051,GA1.2.1689884412.1579118199,2020-01-19,Nalchik,10
1052,GA1.2.1666572010.1579961732,2020-01-25,Nalchik,9
1053,GA1.2.1454847214.1579892933,2020-01-24,Nalchik,7
1054,GA1.2.1414445224.1579784727,2020-01-23,Nalchik,4
1055,GA1.2.137386037.1578759088,2020-01-18,Nalchik,13
1056,GA1.2.1338760415.1580904762,2020-02-05,Nakhabino,1
1057,GA1.2.1526151603.1581826092,2020-02-16,Nadym,8
1058,GA1.2.1713165798.1578840739,2020-01-12,Naaldwijk,15
1059,GA1.2.634847325.1579765582,2020-01-23,Murmansk,10
1060,GA1.2.486364930.1581188846,2020-02-08,Murmansk,7
1061,GA1.2.990439545.1579785497,2020-01-30,Moscow,4
1062,GA1.2.960041232.1578935112,2020-01-14,Moscow,15
1063,GA1.2.955749317.1581712025,2020-02-14,Moscow,7
1064,GA1.2.946765971.1580716989,2020-02-03,Moscow,10
1065,GA1.2.941823719.1579601688,2020-01-21,Moscow,9
1066,GA1.2.928795965.1580204369,2020-01-28,Moscow,12
1067,GA1.2.928452473.1580451686,2020-01-31,Moscow,4
1068,GA1.2.924477540.1578454583,2020-01-08,Moscow,8
1069,GA1.2.924477540.1578454583,2020-01-08,Moscow,10
1070,GA1.2.917268156.1578979623,2020-01-14,Moscow,10
1071,GA1.2.910314244.1580722067,2020-02-03,Moscow,7
1072,GA1.2.893566013.1579166202,2020-01-16,Moscow,7
1073,GA1.2.888738346.1574022162,2020-01-07,Moscow,13
1074,GA1.2.882855102.1580459033,2020-01-31,Moscow,7
1075,GA1.2.858004090.1580906074,2020-02-05,Moscow,9
1076,GA1.2.837939553.1580357758,2020-01-30,Moscow,8
1077,GA1.2.796049954.1581419073,2020-02-11,Moscow,1
1078,GA1.2.765691658.1578827401,2020-01-16,Moscow,8
1079,GA1.2.757095117.1573577441,2020-01-07,Moscow,4
1080,GA1.2.755406618.1580281469,2020-01-29,Moscow,10
1081,GA1.2.728388488.1580217830,2020-01-28,Moscow,9
1082,GA1.2.673123182.1580116829,2020-01-30,Moscow,11
1083,GA1.2.640334135.1580547108,2020-02-01,Moscow,4
1084,GA1.2.634182376.1578339460,2020-01-06,Moscow,8
1085,GA1.2.631472006.1580307483,2020-02-05,Moscow,4
1086,GA1.2.582896947.1578939888,2020-01-29,Moscow,9
1087,GA1.2.546544986.1578579145,2020-01-09,Moscow,7
1088,GA1.2.544815582.1568608687,2020-01-27,Moscow,11
1089,GA1.2.530610566.1577594871,2020-01-01,Moscow,7
1090,GA1.2.521053611.1579694608,2020-01-22,Moscow,5
1091,GA1.2.518325735.1579668447,2020-01-22,Moscow,12
1092,GA1.2.477081043.1577976635,2020-01-02,Moscow,13
1093,GA1.2.474482048.1580107184,2020-01-27,Moscow,12
1094,GA1.2.442169099.1579289315,2020-01-19,Moscow,15
1095,GA1.2.423784070.1580732328,2020-02-03,Moscow,10
1096,GA1.2.42274872.1578682392,2020-01-10,Moscow,13
1097,GA1.2.413784336.1578063964,2020-01-25,Moscow,7
1098,GA1.2.413672051.1577996855,2020-01-02,Moscow,10
1099,GA1.2.400731559.1581371069,2020-02-11,Moscow,10
1100,GA1.2.397763093.1579891242,2020-01-24,Moscow,9
1101,GA1.2.389102913.1580896097,2020-02-05,Moscow,13
1102,GA1.2.387627804.1580535104,2020-02-01,Moscow,8
1103,GA1.2.339117660.1565252601,2020-01-05,Moscow,15
1104,GA1.2.321351224.1578046255,2020-01-03,Moscow,13
1105,GA1.2.317390334.1581617578,2020-02-13,Moscow,4
1106,GA1.2.31250804.1565084167,2020-01-09,Moscow,8
1107,GA1.2.306309820.1578344363,2020-01-06,Moscow,10
1108,GA1.2.289161522.1581530009,2020-02-12,Moscow,2
1109,GA1.2.282704350.1580456941,2020-01-31,Moscow,12
1110,GA1.2.244073542.1574387363,2020-01-04,Moscow,15
1111,GA1.2.237764025.1580473917,2020-01-31,Moscow,9
1112,GA1.2.219252573.1578294499,2020-01-06,Moscow,9
1113,GA1.2.218006286.1580392595,2020-01-30,Moscow,7
1114,GA1.2.217712491.1580821250,2020-02-04,Moscow,7
1115,GA1.2.2143317477.1579441960,2020-01-19,Moscow,15
1116,GA1.2.2142105751.1579653851,2020-01-22,Moscow,9
1117,GA1.2.2135534304.1579353332,2020-01-18,Moscow,13
1118,GA1.2.2127032064.1581442867,2020-02-11,Moscow,10
1119,GA1.2.2089343496.1580461874,2020-01-31,Moscow,10
1120,GA1.2.2082053151.1578059839,2020-01-03,Moscow,15
1121,GA1.2.2054053008.1578163387,2020-01-04,Moscow,5
1122,GA1.2.2043643736.1579189573,2020-01-16,Moscow,10
1123,GA1.2.2027526773.1580754734,2020-02-03,Moscow,10
1124,GA1.2.2019409104.1578495975,2020-01-08,Moscow,10
1125,GA1.2.1999557026.1580301668,2020-01-29,Moscow,8
1126,GA1.2.1972359304.1581857465,2020-02-16,Moscow,9
1127,GA1.2.1943907451.1580116757,2020-02-05,Moscow,8
1128,GA1.2.194211830.1579585502,2020-01-21,Moscow,15
1129,GA1.2.1938181683.1580852905,2020-02-05,Moscow,15
1130,GA1.2.1911634027.1579170694,2020-01-16,Moscow,9
1131,GA1.2.1910887781.1581712638,2020-02-15,Moscow,14
1132,GA1.2.1908391368.1579431194,2020-01-19,Moscow,9
1133,GA1.2.1908391368.1579431194,2020-01-19,Moscow,15
1134,GA1.2.1894407677.1581159891,2020-02-08,Moscow,15
1135,GA1.2.1882906363.1581409906,2020-02-11,Moscow,9
1136,GA1.2.1881135089.1580633131,2020-02-02,Moscow,10
1137,GA1.2.1874466275.1580823841,2020-02-10,Moscow,15
1138,GA1.2.186847894.1578404533,2020-01-07,Moscow,7
1139,GA1.2.1855097492.1580818867,2020-02-04,Moscow,2
1140,GA1.2.1847224882.1579156048,2020-01-16,Moscow,15
1141,GA1.2.1839020016.1579139266,2020-01-16,Moscow,5
1142,GA1.2.1811388458.1579005282,2020-01-14,Moscow,7
1143,GA1.2.1789048942.1580818633,2020-02-04,Moscow,7
1144,GA1.2.1730512276.1579001559,2020-01-14,Moscow,8
1145,GA1.2.1719525477.1580378983,2020-01-30,Moscow,8
1146,GA1.2.1712349062.1579947006,2020-01-25,Moscow,7
1147,GA1.2.1712349062.1579947006,2020-01-25,Moscow,15
1148,GA1.2.1709579442.1578497399,2020-01-08,Moscow,8
1149,GA1.2.1700265306.1579784419,2020-01-23,Moscow,10
1150,GA1.2.1663898544.1579330137,2020-01-18,Moscow,10
1151,GA1.2.1658447304.1580096882,2020-01-27,Moscow,12
1152,GA1.2.1652576856.1580546705,2020-02-01,Moscow,9
1153,GA1.2.1644738106.1579327990,2020-01-18,Moscow,11
1154,GA1.2.1644105398.1580206201,2020-01-28,Moscow,10
1155,GA1.2.1622389796.1581672272,2020-02-14,Moscow,8
1156,GA1.2.1621493696.1580246812,2020-01-29,Moscow,15
1157,GA1.2.1613847694.1578768142,2020-01-11,Moscow,10
1158,GA1.2.1609965496.1503483746,2020-02-17,Moscow,11
1159,GA1.2.1604904545.1579245959,2020-01-17,Moscow,10
1160,GA1.2.1563261085.1578653087,2020-01-10,Moscow,10
1161,GA1.2.154723555.1580502629,2020-01-31,Moscow,10
1162,GA1.2.1543895724.1578819217,2020-01-12,Moscow,10
1163,GA1.2.1536866849.1574754009,2020-02-11,Moscow,9
1164,GA1.2.147838086.1579854819,2020-01-24,Moscow,9
1165,GA1.2.147794468.1577984674,2020-01-02,Moscow,12
1166,GA1.2.1467237569.1580506751,2020-02-02,Moscow,8
1167,GA1.2.1451803052.1578178570,2020-01-05,Moscow,10
1168,GA1.2.144937842.1579019349,2020-01-14,Moscow,9
1169,GA1.2.1443061186.1579752437,2020-01-23,Moscow,4
1170,GA1.2.1438764498.1579259112,2020-01-17,Moscow,15
1171,GA1.2.1418010640.1579339765,2020-01-18,Moscow,7
1172,GA1.2.1408523808.1581407039,2020-02-11,Moscow,10
1173,GA1.2.1371767272.1580121818,2020-01-27,Moscow,15
1174,GA1.2.1355204710.1580901718,2020-02-14,Moscow,4
1175,GA1.2.1349993424.1580428360,2020-01-31,Moscow,7
1176,GA1.2.1317981266.1580973138,2020-02-06,Moscow,5
1177,GA1.2.1294876610.1571485614,2020-01-18,Moscow,8
1178,GA1.2.1294876610.1571485614,2020-01-18,Moscow,15
1179,GA1.2.1285403682.1578419948,2020-01-11,Moscow,15
1180,GA1.2.1267425511.1578141072,2020-01-04,Moscow,15
1181,GA1.2.1262210386.1581154334,2020-02-08,Moscow,7
1182,GA1.2.1250283853.1580366198,2020-01-30,Moscow,2
1183,GA1.2.1244708687.1578905020,2020-01-13,Moscow,13
1184,GA1.2.1212849444.1578079447,2020-01-03,Moscow,8
1185,GA1.2.1183098651.1578984947,2020-01-14,Moscow,10
1186,GA1.2.1177104493.1578118606,2020-01-04,Moscow,7
1187,GA1.2.1158753566.1580800862,2020-02-04,Moscow,13
1188,GA1.2.1146927009.1578303634,2020-01-06,Moscow,4
1189,GA1.2.1114577329.1581747336,2020-02-15,Moscow,4
1190,GA1.2.1108230090.1581429162,2020-02-11,Moscow,12
1191,GA1.2.1107521650.1569390997,2020-01-28,Moscow,2
1192,GA1.2.1066389321.1580796145,2020-02-04,Moscow,9
1193,GA1.2.1034804123.1579633446,2020-01-21,Moscow,15
1194,GA1.2.100437576.1579258568,2020-01-17,Moscow,9
1195,GA1.2.1732379049.1577864175,2020-01-05,Mirny,13
1196,GA1.2.463216561.1581365205,2020-02-10,Minsk,9
1197,GA1.2.2070220840.1581589916,2020-02-13,Minsk,8
1198,GA1.2.1648814451.1581336973,2020-02-10,Minsk,11
1199,GA1.2.1045604112.1579458960,2020-01-19,Mineralnye Vody,8
1200,GA1.2.1900884941.1581685179,2020-02-14,Medvedovskaya,10
1201,GA1.2.978184190.1579076104,2020-01-15,Maykop,10
1202,GA1.2.96885043.1580733755,2020-02-03,Maykop,9
1203,GA1.2.95196129.1578565876,2020-01-09,Maykop,15
1204,GA1.2.939422618.1578256531,2020-01-05,Maykop,1
1205,GA1.2.931671535.1579175156,2020-01-16,Maykop,10
1206,GA1.2.929176994.1579550346,2020-02-11,Maykop,13
1207,GA1.2.896894523.1580804266,2020-02-04,Maykop,8
1208,GA1.2.824275298.1580668104,2020-02-02,Maykop,4
1209,GA1.2.812030776.1577090565,2020-01-28,Maykop,10
1210,GA1.2.663680372.1579356021,2020-01-18,Maykop,10
1211,GA1.2.658265567.1579339867,2020-01-18,Maykop,9
1212,GA1.2.640216155.1580442915,2020-01-31,Maykop,9
1213,GA1.2.613293508.1580138226,2020-01-27,Maykop,12
1214,GA1.2.551596428.1580334029,2020-02-01,Maykop,10
1215,GA1.2.546326882.1580141334,2020-01-27,Maykop,8
1216,GA1.2.535597288.1578009872,2020-01-03,Maykop,10
1217,GA1.2.535597288.1578009872,2020-01-03,Maykop,4
1218,GA1.2.520116891.1579364935,2020-01-18,Maykop,10
1219,GA1.2.511397068.1580355276,2020-01-30,Maykop,12
1220,GA1.2.492308285.1581256460,2020-02-09,Maykop,10
1221,GA1.2.354129398.1579282755,2020-01-17,Maykop,4
1222,GA1.2.317554988.1578824518,2020-01-20,Maykop,15
1223,GA1.2.290883328.1579268840,2020-01-17,Maykop,7
1224,GA1.2.278057293.1580235675,2020-01-28,Maykop,7
1225,GA1.2.274811689.1575635422,2020-01-13,Maykop,8
1226,GA1.2.2105831721.1574201325,2020-01-23,Maykop,5
1227,GA1.2.2105831721.1574201325,2020-01-26,Maykop,8
1228,GA1.2.2094532733.1580579043,2020-02-01,Maykop,10
1229,GA1.2.2092425780.1579195692,2020-01-16,Maykop,8
1230,GA1.2.2081370092.1580927847,2020-02-05,Maykop,12
1231,GA1.2.2081370092.1580927847,2020-02-05,Maykop,7
1232,GA1.2.2076972600.1538744024,2020-01-07,Maykop,15
1233,GA1.2.1922746849.1580661478,2020-02-02,Maykop,9
1234,GA1.2.1900389105.1581609347,2020-02-13,Maykop,7
1235,GA1.2.1894596678.1579589086,2020-01-21,Maykop,4
1236,GA1.2.1827272283.1580388699,2020-02-12,Maykop,8
1237,GA1.2.1762089680.1578392999,2020-01-07,Maykop,9
1238,GA1.2.1758450497.1578560080,2020-01-10,Maykop,13
1239,GA1.2.1758450497.1578560080,2020-02-16,Maykop,15
1240,GA1.2.1670680147.1580304059,2020-01-29,Maykop,10
1241,GA1.2.1647822722.1580041324,2020-01-26,Maykop,9
1242,GA1.2.1607231175.1550926621,2020-01-09,Maykop,4
1243,GA1.2.1532003918.1509901620,2020-01-05,Maykop,10
1244,GA1.2.1518967122.1580073872,2020-01-27,Maykop,15
1245,GA1.2.1518571345.1575468418,2020-01-10,Maykop,7
1246,GA1.2.1463795072.1580741691,2020-02-03,Maykop,8
1247,GA1.2.1459392069.1573674538,2020-01-16,Maykop,15
1248,GA1.2.1442125781.1565189103,2020-02-01,Maykop,8
1249,GA1.2.143849257.1578517049,2020-01-08,Maykop,7
1250,GA1.2.1431114075.1571168421,2020-02-06,Maykop,10
1251,GA1.2.1410552939.1580128494,2020-01-27,Maykop,13
1252,GA1.2.1379058072.1578143137,2020-01-04,Maykop,7
1253,GA1.2.1250249767.1580249107,2020-02-02,Maykop,7
1254,GA1.2.1221228550.1580071620,2020-01-26,Maykop,13
1255,GA1.2.1221228550.1580071620,2020-01-27,Maykop,10
1256,GA1.2.1182941206.1578077357,2020-01-24,Maykop,8
1257,GA1.2.1182941206.1578077357,2020-02-16,Maykop,15
1258,GA1.2.1160227248.1580501169,2020-01-31,Maykop,8
1259,GA1.2.1155793498.1578995735,2020-01-14,Maykop,13
1260,GA1.2.1138494982.1579252059,2020-01-17,Maykop,10
1261,GA1.2.1102323706.1577607457,2020-01-07,Maykop,13
1262,GA1.2.1067092421.1568229096,2020-01-05,Maykop,11
1263,GA1.2.1048690585.1581229851,2020-02-09,Maykop,10
1264,GA1.2.1047583864.1578658476,2020-01-10,Maykop,4
1265,GA1.2.1023403517.1579778263,2020-01-23,Maykop,11
1266,GA1.2.556993729.1576659327,2020-01-31,Mansfield,15
1267,GA1.2.1125152070.1567522433,2020-01-31,Mansfield,8
1268,GA1.2.977722165.1578295427,2020-01-06,Makiivka,10
1269,GA1.2.88669436.1579775363,2020-01-23,Makhachkala,8
1270,GA1.2.790691105.1580312159,2020-01-29,Makhachkala,8
1271,GA1.2.614967169.1581662295,2020-02-14,Makhachkala,11
1272,GA1.2.590096568.1577672444,2020-01-14,Makhachkala,10
1273,GA1.2.195469739.1578498091,2020-01-08,Makhachkala,10
1274,GA1.2.1886728919.1579022606,2020-01-14,Makhachkala,9
1275,GA1.2.1815531695.1581885222,2020-02-16,Makhachkala,9
1276,GA1.2.1610794531.1578855071,2020-01-21,Makhachkala,2
1277,GA1.2.1489271260.1578265136,2020-01-08,Makhachkala,15
1278,GA1.2.1194118554.1577873455,2020-01-01,Makhachkala,12
1279,GA1.2.893667961.1579799898,2020-01-23,Lyubertsy,14
1280,GA1.2.1153638574.1579075001,2020-01-15,Lyubertsy,6
1281,GA1.2.549785455.1579057463,2020-01-15,Lytkarino,11
1282,GA1.2.405820059.1580216439,2020-01-28,Luhansk,10
1283,GA1.2.1520325627.1579073792,2020-01-15,Luhansk,10
1284,GA1.2.416476986.1580841442,2020-02-04,Losino-Petrovsky,7
1285,GA1.2.1434952566.1579005689,2020-01-14,London,7
1286,GA1.2.1648001480.1580242239,2020-01-28,Lipetsk,7
1287,GA1.2.1648001480.1580242239,2020-01-31,Lipetsk,13
1288,GA1.2.542947311.1580990334,2020-02-06,Leningradskaya,4
1289,GA1.2.573185605.1579717091,2020-01-22,Lenina,9
1290,GA1.2.170284123.1580294416,2020-01-29,Lenina,3
1291,GA1.2.1254729101.1578559942,2020-01-09,Lenina,13
1292,GA1.2.1199982244.1556185729,2020-01-06,Lenina,7
1293,GA1.2.1958500512.1568230430,2020-01-10,Lagos,7
1294,GA1.2.984769434.1581266228,2020-02-09,Kyiv,4
1295,GA1.2.1531858884.1578294415,2020-01-06,Kyiv,15
1296,GA1.2.1460445464.1578587236,2020-01-09,Kyiv,4
1297,GA1.2.1218915799.1581869393,2020-02-16,Kyiv,7
1298,GA1.2.836298098.1580483610,2020-01-31,Krasnoyarsk,7
1299,GA1.2.5871648.1578924662,2020-01-13,Krasnoyarsk,1
1300,GA1.2.1927999990.1579339446,2020-01-18,Krasnoyarsk,7
1301,GA1.2.1453610084.1578562099,2020-01-09,Krasnoyarsk,8
1302,GA1.2.1433146890.1579240812,2020-01-17,Krasnoyarsk,13
1303,GA1.2.1085036751.1578253972,2020-01-05,Krasnoyarsk,4
1304,GA1.2.763472841.1578467881,2020-01-08,Krasnohvardiis'ke,9
1305,GA1.2.60112286.1577752343,2020-01-03,Krasnogorsk,7
1306,GA1.2.411053919.1580569858,2020-02-01,Krasnogorsk,13
1307,GA1.2.999065109.1578755414,2020-01-11,Krasnodar,8
1308,GA1.2.997641750.1579987327,2020-01-26,Krasnodar,10
1309,GA1.2.995602332.1564897066,2020-01-12,Krasnodar,8
1310,GA1.2.994776366.1580638246,2020-02-02,Krasnodar,13
1311,GA1.2.99473760.1575223178,2020-01-07,Krasnodar,4
1312,GA1.2.993843573.1578146964,2020-01-04,Krasnodar,4
1313,GA1.2.993526917.1580237272,2020-01-28,Krasnodar,8
1314,GA1.2.992480127.1579075979,2020-01-15,Krasnodar,15
1315,GA1.2.992387215.1580227221,2020-01-28,Krasnodar,10
1316,GA1.2.98963307.1573708045,2020-02-14,Krasnodar,13
1317,GA1.2.988799009.1577595056,2020-01-01,Krasnodar,10
1318,GA1.2.986291036.1578578046,2020-01-09,Krasnodar,10
1319,GA1.2.985128649.1578656321,2020-01-10,Krasnodar,10
1320,GA1.2.98424729.1580467196,2020-01-31,Krasnodar,10
1321,GA1.2.98424729.1580467196,2020-02-01,Krasnodar,9
1322,GA1.2.982605814.1581679621,2020-02-14,Krasnodar,9
1323,GA1.2.982605814.1581679621,2020-02-14,Krasnodar,10
1324,GA1.2.982596511.1577329795,2020-02-07,Krasnodar,15
1325,GA1.2.982596511.1577329795,2020-02-11,Krasnodar,9
1326,GA1.2.982157479.1578050680,2020-01-06,Krasnodar,8
1327,GA1.2.982042339.1578721943,2020-01-11,Krasnodar,8
1328,GA1.2.98144978.1578747645,2020-01-11,Krasnodar,3
1329,GA1.2.980567652.1580715691,2020-02-03,Krasnodar,7
1330,GA1.2.980354062.1580568532,2020-02-09,Krasnodar,10
1331,GA1.2.979506681.1578234964,2020-01-09,Krasnodar,15
1332,GA1.2.979432567.1578059242,2020-01-03,Krasnodar,6
1333,GA1.2.979430522.1581652602,2020-02-14,Krasnodar,6
1334,GA1.2.979201999.1579150393,2020-01-16,Krasnodar,6
1335,GA1.2.978002511.1578413159,2020-01-07,Krasnodar,9
1336,GA1.2.977311845.1580989526,2020-02-12,Krasnodar,9
1337,GA1.2.975567016.1581254761,2020-02-09,Krasnodar,15
1338,GA1.2.975264892.1580921045,2020-02-05,Krasnodar,13
1339,GA1.2.974932075.1579674412,2020-01-22,Krasnodar,7
1340,GA1.2.973910639.1578665538,2020-01-10,Krasnodar,9
1341,GA1.2.972239380.1572978760,2020-01-03,Krasnodar,2
1342,GA1.2.971637118.1579677240,2020-01-22,Krasnodar,7
1343,GA1.2.97029052.1581060864,2020-02-07,Krasnodar,10
1344,GA1.2.969675136.1517900963,2020-02-15,Krasnodar,9
1345,GA1.2.968715801.1581793840,2020-02-15,Krasnodar,7
1346,GA1.2.96790278.1577667730,2020-01-02,Krasnodar,8
1347,GA1.2.967005065.1581272498,2020-02-09,Krasnodar,10
1348,GA1.2.966398229.1568776201,2020-02-14,Krasnodar,15
1349,GA1.2.962482892.1579172036,2020-01-20,Krasnodar,12
1350,GA1.2.961308479.1578411027,2020-01-07,Krasnodar,7
1351,GA1.2.960241590.1580062196,2020-01-26,Krasnodar,1
1352,GA1.2.958245060.1579344716,2020-01-18,Krasnodar,7
1353,GA1.2.957007204.1566465275,2020-01-08,Krasnodar,15
1354,GA1.2.956630440.1581235684,2020-02-09,Krasnodar,4
1355,GA1.2.955602885.1579100847,2020-01-15,Krasnodar,6
1356,GA1.2.955289456.1579508786,2020-01-30,Krasnodar,13
1357,GA1.2.953379914.1578685099,2020-01-10,Krasnodar,8
1358,GA1.2.953163163.1578419453,2020-01-07,Krasnodar,12
1359,GA1.2.95309020.1578551646,2020-01-09,Krasnodar,15
1360,GA1.2.953031901.1579637528,2020-01-22,Krasnodar,9
1361,GA1.2.952429471.1578408112,2020-01-07,Krasnodar,7
1362,GA1.2.951527531.1581048036,2020-02-07,Krasnodar,12
1363,GA1.2.950717849.1578604809,2020-01-10,Krasnodar,15
1364,GA1.2.948649595.1578334789,2020-01-06,Krasnodar,4
1365,GA1.2.948114599.1578560766,2020-01-09,Krasnodar,15
1366,GA1.2.946721856.1580743719,2020-02-03,Krasnodar,10
1367,GA1.2.94669993.1577967577,2020-01-02,Krasnodar,7
1368,GA1.2.944180244.1581528699,2020-02-12,Krasnodar,9
1369,GA1.2.943940423.1579177044,2020-01-16,Krasnodar,8
1370,GA1.2.942699936.1579261187,2020-01-18,Krasnodar,7
1371,GA1.2.942001986.1579881889,2020-01-26,Krasnodar,8
1372,GA1.2.942001986.1579881889,2020-01-30,Krasnodar,10
1373,GA1.2.939140222.1580056767,2020-01-26,Krasnodar,15
1374,GA1.2.939038643.1581763553,2020-02-15,Krasnodar,15
1375,GA1.2.938070404.1579694412,2020-01-22,Krasnodar,10
1376,GA1.2.93719995.1579151402,2020-01-16,Krasnodar,7
1377,GA1.2.935560019.1581863849,2020-02-16,Krasnodar,5
1378,GA1.2.933056671.1581701964,2020-02-14,Krasnodar,7
1379,GA1.2.932833134.1579869903,2020-01-24,Krasnodar,15
1380,GA1.2.932537969.1580207027,2020-01-28,Krasnodar,9
1381,GA1.2.931889675.1580299828,2020-01-29,Krasnodar,10
1382,GA1.2.931809171.1575055940,2020-01-29,Krasnodar,12
1383,GA1.2.929991433.1579061426,2020-01-15,Krasnodar,7
1384,GA1.2.929366422.1578596595,2020-01-09,Krasnodar,13
1385,GA1.2.92708546.1579727885,2020-01-23,Krasnodar,13
1386,GA1.2.926770744.1580105146,2020-01-27,Krasnodar,8
1387,GA1.2.926403112.1581803387,2020-02-16,Krasnodar,6
1388,GA1.2.923819746.1578930665,2020-01-13,Krasnodar,11
1389,GA1.2.92356041.1580061950,2020-02-16,Krasnodar,7
1390,GA1.2.922890498.1580811761,2020-02-05,Krasnodar,15
1391,GA1.2.922486290.1580220976,2020-01-28,Krasnodar,7
1392,GA1.2.922329976.1578365799,2020-01-21,Krasnodar,10
1393,GA1.2.920843191.1579421747,2020-01-19,Krasnodar,15
1394,GA1.2.920482606.1578849968,2020-01-12,Krasnodar,15
1395,GA1.2.92013999.1581838396,2020-02-16,Krasnodar,7
1396,GA1.2.919674880.1579893415,2020-01-24,Krasnodar,8
1397,GA1.2.919354429.1572768362,2020-01-09,Krasnodar,5
1398,GA1.2.919284089.1579034711,2020-01-14,Krasnodar,4
1399,GA1.2.917721574.1581860024,2020-02-16,Krasnodar,13
1400,GA1.2.917598294.1569814181,2020-01-04,Krasnodar,15
1401,GA1.2.917574787.1579715604,2020-01-22,Krasnodar,15
1402,GA1.2.916896190.1578955061,2020-01-14,Krasnodar,10
1403,GA1.2.916710237.1572273135,2020-01-31,Krasnodar,10
1404,GA1.2.914987121.1579981842,2020-01-25,Krasnodar,7
1405,GA1.2.911187501.1579372299,2020-01-18,Krasnodar,15
1406,GA1.2.909913240.1581101480,2020-02-07,Krasnodar,7
1407,GA1.2.908564379.1578216359,2020-01-05,Krasnodar,9
1408,GA1.2.908197505.1579000397,2020-01-14,Krasnodar,15
1409,GA1.2.907786977.1579439051,2020-01-19,Krasnodar,7
1410,GA1.2.907126190.1578895026,2020-01-13,Krasnodar,10
1411,GA1.2.903048041.1565348319,2020-02-12,Krasnodar,10
1412,GA1.2.902163854.1581189488,2020-02-08,Krasnodar,9
1413,GA1.2.901318757.1576986639,2020-01-02,Krasnodar,15
1414,GA1.2.901318757.1576986639,2020-01-10,Krasnodar,7
1415,GA1.2.901236229.1578747323,2020-01-11,Krasnodar,5
1416,GA1.2.901236229.1578747323,2020-02-07,Krasnodar,9
1417,GA1.2.899856677.1578181116,2020-01-05,Krasnodar,4
1418,GA1.2.899677767.1580714677,2020-02-04,Krasnodar,8
1419,GA1.2.898599243.1579899571,2020-01-25,Krasnodar,15
1420,GA1.2.898599243.1579899571,2020-01-25,Krasnodar,2
1421,GA1.2.898599243.1579899571,2020-01-25,Krasnodar,9
1422,GA1.2.898356000.1581081356,2020-02-07,Krasnodar,10
1423,GA1.2.897482401.1581001891,2020-02-11,Krasnodar,9
1424,GA1.2.897043094.1581531464,2020-02-12,Krasnodar,13
1425,GA1.2.897043094.1581531464,2020-02-12,Krasnodar,7
1426,GA1.2.896904300.1576332516,2020-02-08,Krasnodar,15
1427,GA1.2.896845830.1579066379,2020-01-15,Krasnodar,7
1428,GA1.2.89674767.1579257035,2020-01-17,Krasnodar,7
1429,GA1.2.89633625.1579455564,2020-01-19,Krasnodar,10
1430,GA1.2.896166370.1578340589,2020-01-06,Krasnodar,15
1431,GA1.2.892447636.1569582618,2020-02-14,Krasnodar,9
1432,GA1.2.892447636.1569582618,2020-02-14,Krasnodar,13
1433,GA1.2.892349351.1579980601,2020-01-25,Krasnodar,7
1434,GA1.2.890779991.1579001171,2020-01-14,Krasnodar,10
1435,GA1.2.890669746.1581778707,2020-02-15,Krasnodar,9
1436,GA1.2.890666052.1579546280,2020-01-20,Krasnodar,10
1437,GA1.2.890215551.1579936289,2020-01-25,Krasnodar,12
1438,GA1.2.889181279.1540199976,2020-01-15,Krasnodar,15
1439,GA1.2.888676630.1578819965,2020-01-12,Krasnodar,10
1440,GA1.2.887638921.1581504344,2020-02-12,Krasnodar,10
1441,GA1.2.887406309.1579417592,2020-01-19,Krasnodar,13
1442,GA1.2.886289971.1575834225,2020-01-02,Krasnodar,12
1443,GA1.2.885901777.1581834827,2020-02-16,Krasnodar,10
1444,GA1.2.884594955.1577953192,2020-01-21,Krasnodar,7
1445,GA1.2.884225832.1580710986,2020-02-03,Krasnodar,15
1446,GA1.2.883614852.1564293973,2020-02-06,Krasnodar,8
1447,GA1.2.882149604.1581635441,2020-02-14,Krasnodar,10
1448,GA1.2.881296648.1577535593,2020-02-10,Krasnodar,4
1449,GA1.2.881296648.1577535593,2020-02-11,Krasnodar,2
1450,GA1.2.878006784.1578091708,2020-01-04,Krasnodar,7
1451,GA1.2.877792567.1580056057,2020-01-26,Krasnodar,4
1452,GA1.2.876992928.1578146851,2020-01-04,Krasnodar,10
1453,GA1.2.87658936.1580220908,2020-01-28,Krasnodar,10
1454,GA1.2.876261478.1562842705,2020-01-28,Krasnodar,10
1455,GA1.2.875165897.1579974349,2020-01-25,Krasnodar,10
1456,GA1.2.873790425.1579638672,2020-01-21,Krasnodar,15
1457,GA1.2.873617077.1579866704,2020-01-24,Krasnodar,10
1458,GA1.2.870959261.1557470821,2020-01-29,Krasnodar,8
1459,GA1.2.87080112.1580217270,2020-01-28,Krasnodar,10
1460,GA1.2.870005572.1577307856,2020-01-04,Krasnodar,9
1461,GA1.2.866501864.1576046415,2020-01-03,Krasnodar,8
1462,GA1.2.866501864.1576046415,2020-01-04,Krasnodar,8
1463,GA1.2.866501864.1576046415,2020-01-04,Krasnodar,8
1464,GA1.2.866501864.1576046415,2020-01-04,Krasnodar,5
1465,GA1.2.866501864.1576046415,2020-01-04,Krasnodar,7
1466,GA1.2.866135770.1579807863,2020-01-23,Krasnodar,9
1467,GA1.2.865318767.1578138256,2020-01-05,Krasnodar,7
1468,GA1.2.863802452.1577287377,2020-01-03,Krasnodar,8
1469,GA1.2.863467795.1578323040,2020-01-06,Krasnodar,5
1470,GA1.2.863408559.1559199558,2020-01-31,Krasnodar,11
1471,GA1.2.863346845.1578916742,2020-02-07,Krasnodar,10
1472,GA1.2.862994712.1578387426,2020-01-07,Krasnodar,10
1473,GA1.2.862476535.1581039620,2020-02-07,Krasnodar,15
1474,GA1.2.861878928.1576873598,2020-01-19,Krasnodar,9
1475,GA1.2.861351498.1572448144,2020-01-04,Krasnodar,15
1476,GA1.2.859940537.1577366780,2020-01-19,Krasnodar,9
1477,GA1.2.859940537.1577366780,2020-02-08,Krasnodar,9
1478,GA1.2.859476219.1578919627,2020-01-13,Krasnodar,7
1479,GA1.2.858193671.1581406633,2020-02-11,Krasnodar,15
1480,GA1.2.857229100.1580499010,2020-01-31,Krasnodar,7
1481,GA1.2.857138996.1579729822,2020-01-23,Krasnodar,15
1482,GA1.2.855945069.1579602406,2020-01-21,Krasnodar,8
1483,GA1.2.85572775.1580581767,2020-02-06,Krasnodar,4
1484,GA1.2.85335457.1579107951,2020-02-02,Krasnodar,7
1485,GA1.2.852941517.1578944468,2020-01-13,Krasnodar,15
1486,GA1.2.852157027.1579537462,2020-01-20,Krasnodar,7
1487,GA1.2.851224401.1579634700,2020-01-21,Krasnodar,7
1488,GA1.2.848504116.1578040328,2020-01-03,Krasnodar,15
1489,GA1.2.848168022.1579262042,2020-01-17,Krasnodar,8
1490,GA1.2.84780285.1579002307,2020-01-15,Krasnodar,7
1491,GA1.2.847137661.1578378675,2020-01-07,Krasnodar,10
1492,GA1.2.846294810.1578394427,2020-01-07,Krasnodar,9
1493,GA1.2.846294810.1578394427,2020-01-07,Krasnodar,5
1494,GA1.2.846184474.1580995759,2020-02-11,Krasnodar,9
1495,GA1.2.843240906.1580628940,2020-02-02,Krasnodar,7
1496,GA1.2.842009265.1580057271,2020-01-26,Krasnodar,15
1497,GA1.2.841746281.1576833823,2020-02-15,Krasnodar,5
1498,GA1.2.841677583.1573404837,2020-01-13,Krasnodar,7
1499,GA1.2.839776136.1577585380,2020-01-03,Krasnodar,9
1500,GA1.2.839201726.1579949930,2020-01-26,Krasnodar,8
1501,GA1.2.838945298.1578217737,2020-01-05,Krasnodar,15
1502,GA1.2.838532187.1580585011,2020-02-04,Krasnodar,7
1503,GA1.2.838449057.1579375437,2020-01-18,Krasnodar,8
1504,GA1.2.837503840.1568441004,2020-02-08,Krasnodar,12
1505,GA1.2.837228806.1579246029,2020-01-17,Krasnodar,13
1506,GA1.2.836104991.1581909058,2020-02-17,Krasnodar,12
1507,GA1.2.836070998.1578243167,2020-01-05,Krasnodar,9
1508,GA1.2.835881385.1568977050,2020-01-16,Krasnodar,12
1509,GA1.2.835873240.1579471182,2020-01-20,Krasnodar,11
1510,GA1.2.835765759.1579602088,2020-01-21,Krasnodar,9
1511,GA1.2.835073708.1581498549,2020-02-12,Krasnodar,8
1512,GA1.2.833101662.1577903778,2020-01-01,Krasnodar,12
1513,GA1.2.832139236.1581332626,2020-02-11,Krasnodar,7
1514,GA1.2.83179054.1580653036,2020-02-04,Krasnodar,3
1515,GA1.2.830310799.1581936751,2020-02-17,Krasnodar,9
1516,GA1.2.830243764.1578502257,2020-01-08,Krasnodar,5
1517,GA1.2.829288527.1581351393,2020-02-10,Krasnodar,7
1518,GA1.2.829122032.1580145775,2020-01-27,Krasnodar,15
1519,GA1.2.826649766.1571167546,2020-01-16,Krasnodar,11
1520,GA1.2.826581601.1579692608,2020-01-22,Krasnodar,8
1521,GA1.2.826578928.1567612984,2020-02-09,Krasnodar,9
1522,GA1.2.826418554.1580636881,2020-02-02,Krasnodar,10
1523,GA1.2.825169076.1578558438,2020-01-09,Krasnodar,7
1524,GA1.2.825082311.1578771490,2020-01-11,Krasnodar,3
1525,GA1.2.824514764.1574538051,2020-01-03,Krasnodar,10
1526,GA1.2.822551659.1578741659,2020-01-13,Krasnodar,10
1527,GA1.2.822551659.1578741659,2020-01-20,Krasnodar,8
1528,GA1.2.821649671.1580499251,2020-01-31,Krasnodar,10
1529,GA1.2.821649671.1580499251,2020-01-31,Krasnodar,12
1530,GA1.2.821087077.1578571817,2020-01-09,Krasnodar,7
1531,GA1.2.820890192.1580060901,2020-01-26,Krasnodar,10
1532,GA1.2.820352734.1579294414,2020-01-17,Krasnodar,10
1533,GA1.2.819324798.1581916960,2020-02-17,Krasnodar,5
1534,GA1.2.815847117.1579712803,2020-01-22,Krasnodar,8
1535,GA1.2.814587319.1581089824,2020-02-07,Krasnodar,8
1536,GA1.2.81393248.1580499858,2020-01-31,Krasnodar,10
1537,GA1.2.813519032.1581085473,2020-02-07,Krasnodar,10
1538,GA1.2.812491970.1580452465,2020-02-09,Krasnodar,11
1539,GA1.2.812353056.1580462653,2020-01-31,Krasnodar,15
1540,GA1.2.812124483.1579256730,2020-01-17,Krasnodar,4
1541,GA1.2.8108731.1577767599,2020-01-02,Krasnodar,3
1542,GA1.2.809853381.1581683710,2020-02-14,Krasnodar,10
1543,GA1.2.809710264.1580973316,2020-02-06,Krasnodar,10
1544,GA1.2.809207.1581841816,2020-02-16,Krasnodar,1
1545,GA1.2.808560118.1579517104,2020-01-20,Krasnodar,7
1546,GA1.2.807353457.1573477790,2020-01-27,Krasnodar,8
1547,GA1.2.807353457.1573477790,2020-01-27,Krasnodar,15
1548,GA1.2.806910926.1581357339,2020-02-12,Krasnodar,2
1549,GA1.2.806779877.1579497441,2020-01-20,Krasnodar,13
1550,GA1.2.80672947.1577715094,2020-01-07,Krasnodar,9
1551,GA1.2.805738807.1578859541,2020-01-12,Krasnodar,10
1552,GA1.2.805620843.1580748172,2020-02-04,Krasnodar,10
1553,GA1.2.805195500.1581573382,2020-02-13,Krasnodar,7
1554,GA1.2.803773223.1578158779,2020-01-16,Krasnodar,10
1555,GA1.2.803052192.1580811876,2020-02-04,Krasnodar,8
1556,GA1.2.802704927.1578253861,2020-01-05,Krasnodar,12
1557,GA1.2.802594323.1579211581,2020-01-17,Krasnodar,14
1558,GA1.2.801197500.1580570490,2020-02-04,Krasnodar,10
1559,GA1.2.800285258.1579551485,2020-01-20,Krasnodar,9
1560,GA1.2.799094887.1578068261,2020-01-03,Krasnodar,7
1561,GA1.2.799094887.1578068261,2020-02-11,Krasnodar,4
1562,GA1.2.799073064.1577989275,2020-01-02,Krasnodar,5
1563,GA1.2.797951507.1580993391,2020-02-06,Krasnodar,7
1564,GA1.2.797912756.1578837824,2020-01-12,Krasnodar,10
1565,GA1.2.797091291.1572613629,2020-01-20,Krasnodar,13
1566,GA1.2.795957119.1578345811,2020-01-07,Krasnodar,9
1567,GA1.2.795458339.1577326949,2020-01-23,Krasnodar,8
1568,GA1.2.793407209.1580263591,2020-01-29,Krasnodar,9
1569,GA1.2.792073407.1581573094,2020-02-13,Krasnodar,5
1570,GA1.2.791485165.1579247929,2020-01-17,Krasnodar,15
1571,GA1.2.79134867.1579857535,2020-02-11,Krasnodar,10
1572,GA1.2.791286367.1578914948,2020-01-13,Krasnodar,15
1573,GA1.2.789852985.1578579095,2020-02-17,Krasnodar,10
1574,GA1.2.789852985.1578579095,2020-02-17,Krasnodar,7
1575,GA1.2.789701333.1578313692,2020-01-06,Krasnodar,11
1576,GA1.2.788950938.1577465371,2020-02-04,Krasnodar,7
1577,GA1.2.788472619.1580022589,2020-01-26,Krasnodar,10
1578,GA1.2.787966898.1577158220,2020-01-05,Krasnodar,12
1579,GA1.2.786854723.1580245551,2020-01-29,Krasnodar,9
1580,GA1.2.786824048.1579980406,2020-01-25,Krasnodar,12
1581,GA1.2.786659728.1580882267,2020-02-05,Krasnodar,15
1582,GA1.2.783519988.1579585772,2020-01-21,Krasnodar,7
1583,GA1.2.783014892.1578982848,2020-01-14,Krasnodar,10
1584,GA1.2.781931570.1578680115,2020-01-10,Krasnodar,15
1585,GA1.2.781667527.1578911533,2020-02-16,Krasnodar,10
1586,GA1.2.781484502.1581613252,2020-02-13,Krasnodar,15
1587,GA1.2.780754256.1576223264,2020-01-15,Krasnodar,8
1588,GA1.2.780731809.1579346268,2020-01-20,Krasnodar,8
1589,GA1.2.780355782.1581252665,2020-02-09,Krasnodar,10
1590,GA1.2.77847231.1578150507,2020-01-04,Krasnodar,13
1591,GA1.2.77847231.1578150507,2020-01-18,Krasnodar,7
1592,GA1.2.778300314.1579530042,2020-01-20,Krasnodar,15
1593,GA1.2.777213388.1579858945,2020-01-27,Krasnodar,7
1594,GA1.2.777063987.1581842970,2020-02-16,Krasnodar,15
1595,GA1.2.776620504.1580633775,2020-02-02,Krasnodar,10
1596,GA1.2.776110132.1569166797,2020-01-02,Krasnodar,15
1597,GA1.2.776110132.1569166797,2020-01-26,Krasnodar,9
1598,GA1.2.775878219.1578151622,2020-01-04,Krasnodar,13
1599,GA1.2.774842791.1579504718,2020-01-20,Krasnodar,8
1600,GA1.2.774053340.1580986569,2020-02-06,Krasnodar,15
1601,GA1.2.773744102.1564167429,2020-01-28,Krasnodar,4
1602,GA1.2.772639433.1581431440,2020-02-14,Krasnodar,13
1603,GA1.2.77140509.1578513855,2020-01-08,Krasnodar,10
1604,GA1.2.770461232.1578648737,2020-01-10,Krasnodar,7
1605,GA1.2.770303659.1577962586,2020-01-02,Krasnodar,7
1606,GA1.2.770079516.1577852489,2020-01-01,Krasnodar,15
1607,GA1.2.770037018.1579636085,2020-01-21,Krasnodar,4
1608,GA1.2.769556778.1579377912,2020-01-18,Krasnodar,9
1609,GA1.2.7691895.1567621077,2020-01-28,Krasnodar,8
1610,GA1.2.768601932.1581804242,2020-02-16,Krasnodar,8
1611,GA1.2.768058662.1580980304,2020-02-06,Krasnodar,15
1612,GA1.2.766011554.1580485289,2020-01-31,Krasnodar,12
1613,GA1.2.765846188.1579189986,2020-01-16,Krasnodar,10
1614,GA1.2.764871823.1581777964,2020-02-15,Krasnodar,7
1615,GA1.2.764567013.1579507783,2020-01-20,Krasnodar,12
1616,GA1.2.764309146.1578898453,2020-01-13,Krasnodar,14
1617,GA1.2.762855376.1579421711,2020-01-19,Krasnodar,14
1618,GA1.2.762678687.1570351127,2020-01-10,Krasnodar,4
1619,GA1.2.762366518.1581780784,2020-02-15,Krasnodar,10
1620,GA1.2.761617482.1579634201,2020-01-21,Krasnodar,7
1621,GA1.2.758532568.1578958024,2020-01-14,Krasnodar,12
1622,GA1.2.758038423.1578668767,2020-01-10,Krasnodar,13
1623,GA1.2.757766949.1579455075,2020-01-19,Krasnodar,4
1624,GA1.2.754953062.1581677729,2020-02-14,Krasnodar,13
1625,GA1.2.754476033.1574946883,2020-01-12,Krasnodar,7
1626,GA1.2.754241192.1580982928,2020-02-06,Krasnodar,13
1627,GA1.2.752768984.1578898900,2020-01-13,Krasnodar,8
1628,GA1.2.752561051.1575223669,2020-01-20,Krasnodar,7
1629,GA1.2.75204682.1579583907,2020-01-30,Krasnodar,8
1630,GA1.2.75164637.1573052896,2020-01-27,Krasnodar,10
1631,GA1.2.751476476.1578915706,2020-01-13,Krasnodar,10
1632,GA1.2.749039943.1580830420,2020-02-04,Krasnodar,9
1633,GA1.2.744429395.1579096552,2020-01-15,Krasnodar,7
1634,GA1.2.744324149.1580500057,2020-01-31,Krasnodar,15
1635,GA1.2.743830967.1577195536,2020-01-17,Krasnodar,15
1636,GA1.2.740160426.1577187974,2020-02-17,Krasnodar,13
1637,GA1.2.739452612.1579843942,2020-01-24,Krasnodar,4
1638,GA1.2.737797098.1581227721,2020-02-09,Krasnodar,7
1639,GA1.2.737087484.1577160554,2020-01-31,Krasnodar,10
1640,GA1.2.736655061.1578200798,2020-01-28,Krasnodar,1
1641,GA1.2.735949291.1580472359,2020-01-31,Krasnodar,12
1642,GA1.2.735485748.1580432010,2020-01-31,Krasnodar,7
1643,GA1.2.735485748.1580432010,2020-02-02,Krasnodar,10
1644,GA1.2.735485748.1580432010,2020-02-16,Krasnodar,10
1645,GA1.2.735034046.1580719239,2020-02-03,Krasnodar,8
1646,GA1.2.732448116.1578554901,2020-01-09,Krasnodar,8
1647,GA1.2.73132718.1570102441,2020-01-08,Krasnodar,4
1648,GA1.2.729763200.1578575007,2020-01-09,Krasnodar,10
1649,GA1.2.729363040.1579804737,2020-01-23,Krasnodar,6
1650,GA1.2.729200631.1580636302,2020-02-02,Krasnodar,9
1651,GA1.2.728467778.1579035251,2020-01-14,Krasnodar,13
1652,GA1.2.728105447.1576880704,2020-01-14,Krasnodar,9
1653,GA1.2.727533454.1580724467,2020-02-04,Krasnodar,8
1654,GA1.2.726796615.1581279915,2020-02-09,Krasnodar,10
1655,GA1.2.726469433.1578431812,2020-01-08,Krasnodar,15
1656,GA1.2.724245723.1580216070,2020-01-30,Krasnodar,10
1657,GA1.2.723794882.1580224550,2020-01-28,Krasnodar,13
1658,GA1.2.723734214.1581613909,2020-02-13,Krasnodar,5
1659,GA1.2.7216040.1578894805,2020-01-13,Krasnodar,2
1660,GA1.2.7216040.1578894805,2020-02-14,Krasnodar,7
1661,GA1.2.719833178.1580726025,2020-02-03,Krasnodar,8
1662,GA1.2.718781412.1573676594,2020-01-22,Krasnodar,15
1663,GA1.2.71795723.1571413807,2020-01-26,Krasnodar,9
1664,GA1.2.717531693.1579284721,2020-01-17,Krasnodar,7
1665,GA1.2.716871265.1580510629,2020-02-02,Krasnodar,15
1666,GA1.2.716665424.1581424311,2020-02-14,Krasnodar,4
1667,GA1.2.713732237.1561720439,2020-01-01,Krasnodar,7
1668,GA1.2.711972956.1580110153,2020-02-05,Krasnodar,10
1669,GA1.2.710876356.1569180509,2020-01-11,Krasnodar,15
1670,GA1.2.710048503.1578390000,2020-01-08,Krasnodar,2
1671,GA1.2.705882446.1579945309,2020-01-25,Krasnodar,5
1672,GA1.2.703376230.1578779787,2020-01-12,Krasnodar,8
1673,GA1.2.702109967.1577619160,2020-01-01,Krasnodar,13
1674,GA1.2.701023903.1579011334,2020-01-14,Krasnodar,2
1675,GA1.2.697914523.1580586879,2020-02-01,Krasnodar,4
1676,GA1.2.696076713.1574666883,2020-01-09,Krasnodar,6
1677,GA1.2.696076713.1574666883,2020-01-09,Krasnodar,8
1678,GA1.2.694922901.1574758520,2020-02-06,Krasnodar,8
1679,GA1.2.694438730.1577417337,2020-01-15,Krasnodar,10
1680,GA1.2.693523259.1578642019,2020-01-10,Krasnodar,8
1681,GA1.2.692871606.1579177192,2020-01-16,Krasnodar,10
1682,GA1.2.692327999.1577212181,2020-02-10,Krasnodar,12
1683,GA1.2.692179298.1576590835,2020-01-31,Krasnodar,13
1684,GA1.2.691453893.1580200328,2020-01-28,Krasnodar,10
1685,GA1.2.691193920.1581677693,2020-02-14,Krasnodar,8
1686,GA1.2.690217705.1578892210,2020-01-13,Krasnodar,15
1687,GA1.2.68959266.1580016462,2020-01-26,Krasnodar,2
1688,GA1.2.688850740.1578927384,2020-02-04,Krasnodar,2
1689,GA1.2.68856208.1580992827,2020-02-06,Krasnodar,3
1690,GA1.2.687892648.1578230125,2020-01-06,Krasnodar,15
1691,GA1.2.68604968.1579783705,2020-01-23,Krasnodar,10
1692,GA1.2.685542412.1581713442,2020-02-16,Krasnodar,9
1693,GA1.2.684642795.1564747318,2020-01-28,Krasnodar,15
1694,GA1.2.684429424.1581168034,2020-02-08,Krasnodar,7
1695,GA1.2.683446495.1540542112,2020-01-18,Krasnodar,12
1696,GA1.2.681541501.1579517033,2020-01-20,Krasnodar,4
1697,GA1.2.680488640.1574708029,2020-01-09,Krasnodar,8
1698,GA1.2.679955283.1581840079,2020-02-16,Krasnodar,7
1699,GA1.2.679853547.1563533369,2020-01-22,Krasnodar,7
1700,GA1.2.679834553.1573121819,2020-01-13,Krasnodar,15
1701,GA1.2.679127696.1579437762,2020-01-19,Krasnodar,8
1702,GA1.2.678743192.1575612011,2020-01-20,Krasnodar,9
1703,GA1.2.67771354.1579171775,2020-01-16,Krasnodar,8
1704,GA1.2.676459990.1580885670,2020-02-05,Krasnodar,8
1705,GA1.2.675982839.1557301540,2020-02-16,Krasnodar,1
1706,GA1.2.673941536.1581193862,2020-02-08,Krasnodar,10
1707,GA1.2.671421359.1580314190,2020-01-29,Krasnodar,10
1708,GA1.2.67100209.1581002335,2020-02-06,Krasnodar,8
1709,GA1.2.670615158.1580116834,2020-01-27,Krasnodar,8
1710,GA1.2.669663012.1577233442,2020-01-03,Krasnodar,13
1711,GA1.2.666823626.1565867507,2020-01-28,Krasnodar,8
1712,GA1.2.666511438.1578655972,2020-01-10,Krasnodar,2
1713,GA1.2.664605685.1576613649,2020-01-07,Krasnodar,10
1714,GA1.2.66402756.1578856989,2020-01-12,Krasnodar,15
1715,GA1.2.663140024.1578290656,2020-01-06,Krasnodar,7
1716,GA1.2.662727735.1581159699,2020-02-08,Krasnodar,7
1717,GA1.2.661097076.1578117966,2020-01-04,Krasnodar,4
1718,GA1.2.660342088.1577534678,2020-01-19,Krasnodar,10
1719,GA1.2.659450857.1581159448,2020-02-08,Krasnodar,8
1720,GA1.2.657575313.1577451611,2020-01-28,Krasnodar,15
1721,GA1.2.657558492.1579001777,2020-02-07,Krasnodar,10
1722,GA1.2.656529780.1579719511,2020-01-22,Krasnodar,9
1723,GA1.2.655811136.1578215799,2020-01-05,Krasnodar,4
1724,GA1.2.655811136.1578215799,2020-01-05,Krasnodar,10
1725,GA1.2.65485931.1581056194,2020-02-07,Krasnodar,10
1726,GA1.2.652401297.1579423195,2020-01-19,Krasnodar,10
1727,GA1.2.651709770.1578867024,2020-01-13,Krasnodar,15
1728,GA1.2.651142216.1578737773,2020-01-11,Krasnodar,15
1729,GA1.2.649659084.1578146387,2020-01-04,Krasnodar,10
1730,GA1.2.646717976.1559213865,2020-01-20,Krasnodar,10
1731,GA1.2.646691331.1579529766,2020-01-20,Krasnodar,7
1732,GA1.2.645856869.1578641383,2020-01-10,Krasnodar,7
1733,GA1.2.644146539.1581006805,2020-02-06,Krasnodar,8
1734,GA1.2.644058487.1581421627,2020-02-11,Krasnodar,6
1735,GA1.2.643664169.1581494331,2020-02-12,Krasnodar,11
1736,GA1.2.643461564.1578912857,2020-01-13,Krasnodar,15
1737,GA1.2.642137918.1579539122,2020-01-20,Krasnodar,13
1738,GA1.2.640718727.1580984196,2020-02-06,Krasnodar,12
1739,GA1.2.640246783.1580829436,2020-02-04,Krasnodar,10
1740,GA1.2.640074113.1581535103,2020-02-12,Krasnodar,10
1741,GA1.2.639964442.1581567542,2020-02-13,Krasnodar,9
1742,GA1.2.638320988.1577967623,2020-01-02,Krasnodar,13
1743,GA1.2.637803685.1578428629,2020-01-07,Krasnodar,4
1744,GA1.2.636037932.1577369125,2020-01-07,Krasnodar,7
1745,GA1.2.634913910.1579289458,2020-02-10,Krasnodar,6
1746,GA1.2.634506879.1579357619,2020-01-18,Krasnodar,9
1747,GA1.2.634187002.1581172497,2020-02-08,Krasnodar,15
1748,GA1.2.63374695.1581847794,2020-02-16,Krasnodar,11
1749,GA1.2.633523459.1581494244,2020-02-12,Krasnodar,10
1750,GA1.2.631850853.1573403601,2020-01-13,Krasnodar,15
1751,GA1.2.631832465.1581867827,2020-02-16,Krasnodar,8
1752,GA1.2.63174852.1581945596,2020-02-17,Krasnodar,12
1753,GA1.2.631444898.1578431946,2020-01-08,Krasnodar,8
1754,GA1.2.631444898.1578431946,2020-01-08,Krasnodar,15
1755,GA1.2.631310178.1579959363,2020-01-25,Krasnodar,10
1756,GA1.2.63108893.1580479956,2020-01-31,Krasnodar,15
1757,GA1.2.629512753.1581350713,2020-02-10,Krasnodar,9
1758,GA1.2.629310108.1568975068,2020-01-09,Krasnodar,13
1759,GA1.2.62834000.1581374097,2020-02-11,Krasnodar,10
1760,GA1.2.628123111.1568651448,2020-01-11,Krasnodar,10
1761,GA1.2.627227079.1581357478,2020-02-10,Krasnodar,14
1762,GA1.2.626883423.1580850484,2020-02-05,Krasnodar,9
1763,GA1.2.62655170.1581329079,2020-02-13,Krasnodar,10
1764,GA1.2.625542819.1578230549,2020-01-05,Krasnodar,10
1765,GA1.2.624703442.1581006413,2020-02-06,Krasnodar,10
1766,GA1.2.623816808.1580197555,2020-01-29,Krasnodar,10
1767,GA1.2.622609870.1580486100,2020-01-31,Krasnodar,10
1768,GA1.2.621633005.1581527679,2020-02-12,Krasnodar,9
1769,GA1.2.621380327.1577168718,2020-02-12,Krasnodar,3
1770,GA1.2.621345083.1580801058,2020-02-04,Krasnodar,9
1771,GA1.2.620041262.1578319909,2020-01-06,Krasnodar,5
1772,GA1.2.618527682.1580420863,2020-01-31,Krasnodar,10
1773,GA1.2.618038691.1579847016,2020-01-24,Krasnodar,10
1774,GA1.2.617774818.1581337798,2020-02-10,Krasnodar,13
1775,GA1.2.617594282.1581540777,2020-02-12,Krasnodar,10
1776,GA1.2.617268916.1581665595,2020-02-14,Krasnodar,10
1777,GA1.2.614480211.1579600792,2020-01-21,Krasnodar,15
1778,GA1.2.614356072.1575877164,2020-01-04,Krasnodar,13
1779,GA1.2.61272929.1579163381,2020-01-16,Krasnodar,12
1780,GA1.2.611644885.1548750075,2020-01-03,Krasnodar,7
1781,GA1.2.609905798.1579335218,2020-01-18,Krasnodar,15
1782,GA1.2.609253697.1580200595,2020-01-28,Krasnodar,10
1783,GA1.2.609065172.1578746017,2020-01-11,Krasnodar,15
1784,GA1.2.608886278.1577965683,2020-01-02,Krasnodar,4
1785,GA1.2.606166713.1578274465,2020-01-06,Krasnodar,9
1786,GA1.2.604789883.1571563402,2020-01-06,Krasnodar,5
1787,GA1.2.604789883.1571563402,2020-01-06,Krasnodar,15
1788,GA1.2.604789883.1571563402,2020-01-28,Krasnodar,13
1789,GA1.2.604399816.1575047454,2020-01-05,Krasnodar,15
1790,GA1.2.604304292.1579445846,2020-01-20,Krasnodar,15
1791,GA1.2.601773824.1581780754,2020-02-15,Krasnodar,7
1792,GA1.2.601600815.1580790430,2020-02-04,Krasnodar,8
1793,GA1.2.601242661.1580056410,2020-01-26,Krasnodar,9
1794,GA1.2.601130243.1581535021,2020-02-12,Krasnodar,3
1795,GA1.2.599376157.1579553952,2020-02-04,Krasnodar,10
1796,GA1.2.59904590.1579601870,2020-01-21,Krasnodar,8
1797,GA1.2.598919579.1579522672,2020-01-20,Krasnodar,8
1798,GA1.2.598526994.1579278816,2020-01-17,Krasnodar,10
1799,GA1.2.597172923.1579668120,2020-01-22,Krasnodar,4
1800,GA1.2.596287887.1579763786,2020-01-23,Krasnodar,4
1801,GA1.2.595031816.1581709465,2020-02-14,Krasnodar,7
1802,GA1.2.593853203.1581599189,2020-02-13,Krasnodar,7
1803,GA1.2.593567482.1578047197,2020-01-03,Krasnodar,9
1804,GA1.2.593020676.1580109564,2020-01-27,Krasnodar,5
1805,GA1.2.590752663.1564325439,2020-01-06,Krasnodar,13
1806,GA1.2.590096568.1577672444,2020-02-13,Krasnodar,5
1807,GA1.2.589715954.1580154075,2020-01-29,Krasnodar,7
1808,GA1.2.589271995.1581236833,2020-02-09,Krasnodar,15
1809,GA1.2.588756560.1577199575,2020-01-04,Krasnodar,8
1810,GA1.2.588153520.1578997809,2020-01-14,Krasnodar,8
1811,GA1.2.587815337.1579507925,2020-01-20,Krasnodar,10
1812,GA1.2.587770303.1577736029,2020-01-22,Krasnodar,4
1813,GA1.2.586627783.1579760014,2020-01-23,Krasnodar,6
1814,GA1.2.585598012.1578228187,2020-01-05,Krasnodar,15
1815,GA1.2.584082990.1579349622,2020-01-18,Krasnodar,8
1816,GA1.2.584026687.1580758820,2020-02-03,Krasnodar,6
1817,GA1.2.583900395.1570896382,2020-01-25,Krasnodar,10
1818,GA1.2.583446440.1581837691,2020-02-16,Krasnodar,12
1819,GA1.2.583246486.1579110135,2020-01-20,Krasnodar,8
1820,GA1.2.582896947.1578939888,2020-01-26,Krasnodar,7
1821,GA1.2.580944361.1580578084,2020-02-01,Krasnodar,12
1822,GA1.2.578199456.1576991581,2020-01-06,Krasnodar,7
1823,GA1.2.576162989.1577075072,2020-01-15,Krasnodar,3
1824,GA1.2.576052487.1577246499,2020-01-14,Krasnodar,8
1825,GA1.2.575507202.1579506610,2020-01-20,Krasnodar,12
1826,GA1.2.57494940.1575576451,2020-01-01,Krasnodar,8
1827,GA1.2.574578233.1579868152,2020-01-24,Krasnodar,11
1828,GA1.2.573600091.1580581465,2020-02-01,Krasnodar,10
1829,GA1.2.572906779.1580551579,2020-02-01,Krasnodar,10
1830,GA1.2.571594658.1574945184,2020-02-17,Krasnodar,4
1831,GA1.2.571290209.1578724613,2020-01-11,Krasnodar,8
1832,GA1.2.570901668.1572105636,2020-01-03,Krasnodar,7
1833,GA1.2.568756531.1574337293,2020-01-27,Krasnodar,10
1834,GA1.2.567283456.1581351725,2020-02-10,Krasnodar,7
1835,GA1.2.567172556.1579632094,2020-01-21,Krasnodar,7
1836,GA1.2.567044361.1579068644,2020-01-15,Krasnodar,4
1837,GA1.2.566530608.1578822056,2020-01-12,Krasnodar,12
1838,GA1.2.56597058.1581441529,2020-02-11,Krasnodar,9
1839,GA1.2.565472282.1564327702,2020-01-15,Krasnodar,13
1840,GA1.2.56246192.1581581911,2020-02-13,Krasnodar,15
1841,GA1.2.562439905.1580044257,2020-01-26,Krasnodar,12
1842,GA1.2.560622051.1579251097,2020-01-17,Krasnodar,4
1843,GA1.2.56041367.1580048469,2020-01-26,Krasnodar,13
1844,GA1.2.56041367.1580048469,2020-01-27,Krasnodar,10
1845,GA1.2.557925495.1576983352,2020-01-01,Krasnodar,10
1846,GA1.2.557397474.1581097174,2020-02-07,Krasnodar,4
1847,GA1.2.557056449.1573463492,2020-02-11,Krasnodar,7
1848,GA1.2.556452190.1577830468,2020-01-01,Krasnodar,9
1849,GA1.2.556269950.1581707024,2020-02-14,Krasnodar,10
1850,GA1.2.555610561.1580805590,2020-02-04,Krasnodar,8
1851,GA1.2.555100223.1579240555,2020-01-17,Krasnodar,10
1852,GA1.2.554605696.1580496518,2020-01-31,Krasnodar,10
1853,GA1.2.554197778.1572516039,2020-02-14,Krasnodar,10
1854,GA1.2.553742131.1581108133,2020-02-07,Krasnodar,15
1855,GA1.2.551195870.1577864260,2020-01-01,Krasnodar,10
1856,GA1.2.550723026.1577228929,2020-01-27,Krasnodar,15
1857,GA1.2.550180639.1580921744,2020-02-05,Krasnodar,10
1858,GA1.2.549636829.1580729135,2020-02-03,Krasnodar,15
1859,GA1.2.547964831.1580217501,2020-01-28,Krasnodar,7
1860,GA1.2.547964831.1580217501,2020-02-03,Krasnodar,8
1861,GA1.2.54795820.1558203344,2020-01-22,Krasnodar,8
1862,GA1.2.547014229.1580048482,2020-01-26,Krasnodar,7
1863,GA1.2.54617318.1579002152,2020-01-20,Krasnodar,9
1864,GA1.2.545830908.1578637810,2020-01-10,Krasnodar,8
1865,GA1.2.544228863.1581710683,2020-02-17,Krasnodar,7
1866,GA1.2.544059316.1578484226,2020-01-08,Krasnodar,10
1867,GA1.2.54351538.1578988186,2020-01-14,Krasnodar,8
1868,GA1.2.542799391.1580658080,2020-02-02,Krasnodar,5
1869,GA1.2.542041203.1578232075,2020-01-05,Krasnodar,8
1870,GA1.2.539555967.1579545515,2020-01-20,Krasnodar,15
1871,GA1.2.538706254.1580203342,2020-01-28,Krasnodar,10
1872,GA1.2.538459264.1580661755,2020-02-02,Krasnodar,15
1873,GA1.2.538364668.1580744415,2020-02-03,Krasnodar,9
1874,GA1.2.537040216.1579271574,2020-01-17,Krasnodar,9
1875,GA1.2.536884399.1578762425,2020-01-11,Krasnodar,13
1876,GA1.2.535687624.1580132095,2020-01-27,Krasnodar,15
1877,GA1.2.535380575.1578122280,2020-01-04,Krasnodar,13
1878,GA1.2.535277970.1579898971,2020-01-24,Krasnodar,13
1879,GA1.2.533953676.1578947145,2020-01-13,Krasnodar,10
1880,GA1.2.533761894.1580450028,2020-02-07,Krasnodar,8
1881,GA1.2.530286799.1579374715,2020-01-18,Krasnodar,5
1882,GA1.2.530180395.1581668948,2020-02-14,Krasnodar,10
1883,GA1.2.528943868.1580664132,2020-02-02,Krasnodar,5
1884,GA1.2.525865832.1579524669,2020-01-21,Krasnodar,7
1885,GA1.2.525673994.1573826232,2020-01-07,Krasnodar,4
1886,GA1.2.525673994.1573826232,2020-01-17,Krasnodar,7
1887,GA1.2.524752766.1581684507,2020-02-14,Krasnodar,7
1888,GA1.2.524483570.1578222737,2020-01-05,Krasnodar,15
1889,GA1.2.523770828.1577965939,2020-01-02,Krasnodar,4
1890,GA1.2.52047478.1579265692,2020-01-17,Krasnodar,9
1891,GA1.2.519519758.1581719399,2020-02-15,Krasnodar,13
1892,GA1.2.518174945.1580028294,2020-01-26,Krasnodar,8
1893,GA1.2.514661012.1564151363,2020-01-15,Krasnodar,8
1894,GA1.2.514661012.1564151363,2020-01-17,Krasnodar,7
1895,GA1.2.514661012.1564151363,2020-02-06,Krasnodar,9
1896,GA1.2.513912221.1577649263,2020-01-02,Krasnodar,15
1897,GA1.2.513603185.1578954099,2020-01-15,Krasnodar,12
1898,GA1.2.513603185.1578954099,2020-01-21,Krasnodar,9
1899,GA1.2.512964284.1577297290,2020-01-05,Krasnodar,9
1900,GA1.2.511671308.1564576428,2020-02-13,Krasnodar,3
1901,GA1.2.510543834.1555085114,2020-02-04,Krasnodar,10
1902,GA1.2.509357975.1579010043,2020-01-14,Krasnodar,10
1903,GA1.2.509129369.1578765655,2020-01-26,Krasnodar,13
1904,GA1.2.508753024.1580728595,2020-02-03,Krasnodar,15
1905,GA1.2.508395127.1581882593,2020-02-16,Krasnodar,10
1906,GA1.2.506968545.1580471560,2020-01-31,Krasnodar,9
1907,GA1.2.505330612.1580451728,2020-01-31,Krasnodar,13
1908,GA1.2.505278320.1576801446,2020-01-14,Krasnodar,5
1909,GA1.2.504848636.1580683169,2020-02-03,Krasnodar,8
1910,GA1.2.504050601.1579605611,2020-01-21,Krasnodar,15
1911,GA1.2.503288048.1578574969,2020-01-09,Krasnodar,13
1912,GA1.2.503069522.1578412463,2020-01-07,Krasnodar,15
1913,GA1.2.501923810.1579894412,2020-01-24,Krasnodar,15
1914,GA1.2.501633754.1581940922,2020-02-17,Krasnodar,4
1915,GA1.2.499756879.1578396505,2020-01-07,Krasnodar,9
1916,GA1.2.499423262.1579910371,2020-01-25,Krasnodar,15
1917,GA1.2.499354842.1579867634,2020-01-24,Krasnodar,7
1918,GA1.2.498906455.1577976095,2020-01-02,Krasnodar,2
1919,GA1.2.498236303.1579551468,2020-01-20,Krasnodar,9
1920,GA1.2.49770460.1577366341,2020-01-28,Krasnodar,15
1921,GA1.2.494391453.1579108233,2020-01-17,Krasnodar,10
1922,GA1.2.492984601.1578211626,2020-01-05,Krasnodar,7
1923,GA1.2.492498245.1579899758,2020-01-25,Krasnodar,8
1924,GA1.2.491302668.1581245920,2020-02-09,Krasnodar,5
1925,GA1.2.491024045.1579055651,2020-01-15,Krasnodar,6
1926,GA1.2.490781653.1579900377,2020-01-25,Krasnodar,11
1927,GA1.2.49044442.1573899108,2020-02-14,Krasnodar,10
1928,GA1.2.489991552.1578367284,2020-01-07,Krasnodar,10
1929,GA1.2.489116641.1578127303,2020-01-04,Krasnodar,11
1930,GA1.2.488946397.1580892543,2020-02-05,Krasnodar,15
1931,GA1.2.488151968.1580210304,2020-01-28,Krasnodar,4
1932,GA1.2.487948962.1579725926,2020-01-22,Krasnodar,4
1933,GA1.2.487724287.1580673305,2020-02-13,Krasnodar,8
1934,GA1.2.487398259.1578165709,2020-01-04,Krasnodar,12
1935,GA1.2.486731864.1578856255,2020-01-12,Krasnodar,7
1936,GA1.2.485206296.1577903777,2020-01-01,Krasnodar,10
1937,GA1.2.484566924.1578729661,2020-01-11,Krasnodar,7
1938,GA1.2.484505282.1581704962,2020-02-14,Krasnodar,8
1939,GA1.2.483743897.1578497336,2020-01-08,Krasnodar,10
1940,GA1.2.481709430.1580816209,2020-02-07,Krasnodar,15
1941,GA1.2.479714428.1581495886,2020-02-12,Krasnodar,15
1942,GA1.2.478817300.1581554498,2020-02-13,Krasnodar,8
1943,GA1.2.477080626.1579028403,2020-02-06,Krasnodar,12
1944,GA1.2.476781576.1581185437,2020-02-09,Krasnodar,7
1945,GA1.2.474797213.1581846061,2020-02-16,Krasnodar,8
1946,GA1.2.473133363.1580058207,2020-01-26,Krasnodar,13
1947,GA1.2.472356831.1581795197,2020-02-15,Krasnodar,8
1948,GA1.2.471044452.1579331221,2020-01-18,Krasnodar,9
1949,GA1.2.470468701.1581570324,2020-02-13,Krasnodar,15
1950,GA1.2.470309717.1578219927,2020-01-05,Krasnodar,10
1951,GA1.2.469567564.1575054189,2020-01-28,Krasnodar,7
1952,GA1.2.469567564.1575054189,2020-02-07,Krasnodar,10
1953,GA1.2.469431628.1579251408,2020-01-17,Krasnodar,15
1954,GA1.2.467964750.1579177029,2020-01-28,Krasnodar,9
1955,GA1.2.46737241.1581322176,2020-02-10,Krasnodar,15
1956,GA1.2.466782804.1578975761,2020-01-14,Krasnodar,13
1957,GA1.2.466197027.1581264034,2020-02-14,Krasnodar,7
1958,GA1.2.464354748.1580397719,2020-01-30,Krasnodar,4
1959,GA1.2.462784621.1578393605,2020-01-31,Krasnodar,8
1960,GA1.2.461675538.1579436938,2020-01-19,Krasnodar,8
1961,GA1.2.461580422.1578128741,2020-01-04,Krasnodar,10
1962,GA1.2.46133067.1581486457,2020-02-12,Krasnodar,9
1963,GA1.2.460571978.1580401264,2020-01-30,Krasnodar,10
1964,GA1.2.460571978.1580401264,2020-01-30,Krasnodar,10
1965,GA1.2.459134068.1578817227,2020-01-12,Krasnodar,6
1966,GA1.2.457936768.1581432250,2020-02-11,Krasnodar,10
1967,GA1.2.45754419.1581102275,2020-02-07,Krasnodar,9
1968,GA1.2.457227429.1576899299,2020-01-18,Krasnodar,15
1969,GA1.2.45562078.1568560170,2020-02-05,Krasnodar,15
1970,GA1.2.455484536.1578997690,2020-01-14,Krasnodar,15
1971,GA1.2.455366281.1565904231,2020-01-09,Krasnodar,6
1972,GA1.2.455026190.1579077270,2020-01-15,Krasnodar,9
1973,GA1.2.45334513.1578342785,2020-01-29,Krasnodar,13
1974,GA1.2.451987371.1578335020,2020-01-06,Krasnodar,8
1975,GA1.2.449997973.1579772643,2020-01-23,Krasnodar,7
1976,GA1.2.449611090.1579879688,2020-01-24,Krasnodar,7
1977,GA1.2.449465270.1580473728,2020-01-31,Krasnodar,11
1978,GA1.2.448559493.1577204418,2020-01-14,Krasnodar,9
1979,GA1.2.448521786.1578754000,2020-01-11,Krasnodar,10
1980,GA1.2.447271433.1580927684,2020-02-05,Krasnodar,8
1981,GA1.2.447000697.1564253613,2020-01-04,Krasnodar,8
1982,GA1.2.447000697.1564253613,2020-01-30,Krasnodar,9
1983,GA1.2.446201217.1574397672,2020-02-02,Krasnodar,8
1984,GA1.2.445930923.1580760934,2020-02-03,Krasnodar,8
1985,GA1.2.445485913.1579959912,2020-01-25,Krasnodar,7
1986,GA1.2.445414991.1580924057,2020-02-05,Krasnodar,15
1987,GA1.2.44524523.1580066727,2020-01-26,Krasnodar,10
1988,GA1.2.444850860.1579717629,2020-01-23,Krasnodar,13
1989,GA1.2.444037948.1579772018,2020-01-23,Krasnodar,15
1990,GA1.2.44230107.1579508613,2020-01-20,Krasnodar,10
1991,GA1.2.442246897.1581228122,2020-02-09,Krasnodar,9
1992,GA1.2.442169099.1579289315,2020-01-19,Krasnodar,3
1993,GA1.2.442102299.1581254591,2020-02-17,Krasnodar,13
1994,GA1.2.441284991.1578813829,2020-01-12,Krasnodar,8
1995,GA1.2.440930558.1581785974,2020-02-15,Krasnodar,15
1996,GA1.2.440002018.1579524701,2020-01-20,Krasnodar,7
1997,GA1.2.439891882.1579539343,2020-01-21,Krasnodar,8
1998,GA1.2.439891882.1579539343,2020-01-22,Krasnodar,13
1999,GA1.2.43979885.1580199682,2020-01-28,Krasnodar,10
2000,GA1.2.43979885.1580199682,2020-01-28,Krasnodar,1
2001,GA1.2.437939400.1580587420,2020-02-01,Krasnodar,15
2002,GA1.2.436943276.1572153831,2020-01-21,Krasnodar,7
2003,GA1.2.436918039.1577868960,2020-01-01,Krasnodar,15
2004,GA1.2.436689746.1581411440,2020-02-11,Krasnodar,4
2005,GA1.2.436368460.1577910657,2020-01-01,Krasnodar,9
2006,GA1.2.435766725.1579027905,2020-01-15,Krasnodar,10
2007,GA1.2.435766725.1579027905,2020-01-19,Krasnodar,8
2008,GA1.2.435749372.1579462365,2020-01-19,Krasnodar,10
2009,GA1.2.434862747.1577689362,2020-01-03,Krasnodar,10
2010,GA1.2.434672404.1577365016,2020-01-03,Krasnodar,8
2011,GA1.2.433808242.1580470819,2020-01-31,Krasnodar,7
2012,GA1.2.433808242.1580470819,2020-01-31,Krasnodar,7
2013,GA1.2.431810465.1578348853,2020-01-29,Krasnodar,8
2014,GA1.2.431731249.1578914678,2020-01-31,Krasnodar,8
2015,GA1.2.430428636.1580026839,2020-01-26,Krasnodar,7
2016,GA1.2.430423334.1581241172,2020-02-09,Krasnodar,11
2017,GA1.2.429575216.1581429804,2020-02-11,Krasnodar,4
2018,GA1.2.429487771.1580662167,2020-02-02,Krasnodar,11
2019,GA1.2.427682058.1578592175,2020-01-09,Krasnodar,4
2020,GA1.2.426778486.1572867537,2020-01-04,Krasnodar,7
2021,GA1.2.426365296.1554956568,2020-02-15,Krasnodar,10
2022,GA1.2.426024336.1581398293,2020-02-11,Krasnodar,7
2023,GA1.2.425649125.1571937941,2020-01-27,Krasnodar,12
2024,GA1.2.42539306.1578604157,2020-01-10,Krasnodar,4
2025,GA1.2.42529943.1581071008,2020-02-07,Krasnodar,8
2026,GA1.2.425261500.1579011938,2020-01-14,Krasnodar,9
2027,GA1.2.423276282.1580849911,2020-02-05,Krasnodar,10
2028,GA1.2.423073437.1577974489,2020-01-03,Krasnodar,6
2029,GA1.2.422014529.1578491754,2020-01-17,Krasnodar,10
2030,GA1.2.421219574.1581339818,2020-02-12,Krasnodar,7
2031,GA1.2.420823728.1578594732,2020-01-09,Krasnodar,7
2032,GA1.2.419955012.1577976234,2020-01-02,Krasnodar,15
2033,GA1.2.417656187.1580761238,2020-02-03,Krasnodar,10
2034,GA1.2.417430620.1578398101,2020-01-07,Krasnodar,14
2035,GA1.2.416883335.1581792828,2020-02-15,Krasnodar,10
2036,GA1.2.414396232.1579767652,2020-01-23,Krasnodar,15
2037,GA1.2.414314116.1579858057,2020-01-24,Krasnodar,13
2038,GA1.2.413887629.1580312481,2020-01-29,Krasnodar,9
2039,GA1.2.413348131.1578649745,2020-01-10,Krasnodar,5
2040,GA1.2.412870654.1578425310,2020-01-07,Krasnodar,13
2041,GA1.2.412027743.1580989770,2020-02-06,Krasnodar,8
2042,GA1.2.411645817.1580666955,2020-02-02,Krasnodar,8
2043,GA1.2.410962372.1581659723,2020-02-14,Krasnodar,13
2044,GA1.2.410720287.1581449692,2020-02-11,Krasnodar,9
2045,GA1.2.410240674.1578911211,2020-01-13,Krasnodar,7
2046,GA1.2.409434436.1579604777,2020-01-21,Krasnodar,8
2047,GA1.2.408371240.1579548242,2020-01-20,Krasnodar,10
2048,GA1.2.408181801.1581140958,2020-02-08,Krasnodar,15
2049,GA1.2.406965287.1578265352,2020-01-06,Krasnodar,7
2050,GA1.2.404613620.1579253980,2020-01-17,Krasnodar,9
2051,GA1.2.404055434.1580934476,2020-02-06,Krasnodar,15
2052,GA1.2.403869133.1578593623,2020-01-16,Krasnodar,9
2053,GA1.2.403572106.1579372128,2020-01-18,Krasnodar,15
2054,GA1.2.403494743.1578457136,2020-01-08,Krasnodar,9
2055,GA1.2.402732204.1579188556,2020-01-16,Krasnodar,12
2056,GA1.2.402085904.1581263332,2020-02-09,Krasnodar,9
2057,GA1.2.399007173.1579639130,2020-01-21,Krasnodar,6
2058,GA1.2.398458248.1576025044,2020-01-06,Krasnodar,13
2059,GA1.2.398376554.1579449419,2020-01-19,Krasnodar,11
2060,GA1.2.391777939.1570021018,2020-01-13,Krasnodar,8
2061,GA1.2.391777939.1570021018,2020-01-14,Krasnodar,7
2062,GA1.2.391777939.1570021018,2020-02-05,Krasnodar,4
2063,GA1.2.391351381.1579256086,2020-01-17,Krasnodar,9
2064,GA1.2.390368048.1578039244,2020-01-03,Krasnodar,7
2065,GA1.2.390272551.1581054094,2020-02-07,Krasnodar,15
2066,GA1.2.390092193.1579770566,2020-01-23,Krasnodar,10
2067,GA1.2.389942702.1581715311,2020-02-14,Krasnodar,10
2068,GA1.2.389499190.1577415758,2020-01-02,Krasnodar,9
2069,GA1.2.388485478.1579155372,2020-01-16,Krasnodar,8
2070,GA1.2.387442907.1580969820,2020-02-06,Krasnodar,13
2071,GA1.2.387288138.1581443945,2020-02-11,Krasnodar,8
2072,GA1.2.387057946.1580645815,2020-02-02,Krasnodar,4
2073,GA1.2.385466772.1580459150,2020-01-31,Krasnodar,4
2074,GA1.2.384484783.1580302337,2020-01-29,Krasnodar,8
2075,GA1.2.384171106.1580658569,2020-02-02,Krasnodar,7
2076,GA1.2.384171106.1580658569,2020-02-14,Krasnodar,4
2077,GA1.2.384060884.1579496570,2020-01-20,Krasnodar,12
2078,GA1.2.383777940.1578516069,2020-01-08,Krasnodar,13
2079,GA1.2.383765986.1580303164,2020-01-29,Krasnodar,10
2080,GA1.2.38066645.1581883775,2020-02-16,Krasnodar,7
2081,GA1.2.379081661.1579293426,2020-01-17,Krasnodar,4
2082,GA1.2.378517296.1581285014,2020-02-10,Krasnodar,7
2083,GA1.2.376621978.1579428530,2020-01-29,Krasnodar,7
2084,GA1.2.375199349.1579607464,2020-01-21,Krasnodar,8
2085,GA1.2.374510691.1578939834,2020-01-13,Krasnodar,15
2086,GA1.2.372868328.1578241800,2020-01-05,Krasnodar,9
2087,GA1.2.372272242.1579469650,2020-01-23,Krasnodar,13
2088,GA1.2.370395056.1579722467,2020-01-22,Krasnodar,10
2089,GA1.2.369568924.1574437534,2020-01-15,Krasnodar,1
2090,GA1.2.369555142.1581346609,2020-02-10,Krasnodar,15
2091,GA1.2.367691821.1576263817,2020-01-08,Krasnodar,9
2092,GA1.2.367691821.1576263817,2020-01-19,Krasnodar,6
2093,GA1.2.367124202.1581526288,2020-02-13,Krasnodar,9
2094,GA1.2.366654828.1578943654,2020-01-13,Krasnodar,8
2095,GA1.2.36641457.1579879179,2020-01-24,Krasnodar,9
2096,GA1.2.365240538.1580504977,2020-02-06,Krasnodar,8
2097,GA1.2.363247310.1577594381,2020-01-14,Krasnodar,8
2098,GA1.2.361837114.1580848317,2020-02-04,Krasnodar,8
2099,GA1.2.361569539.1577615910,2020-01-11,Krasnodar,1
2100,GA1.2.361569539.1577615910,2020-01-17,Krasnodar,8
2101,GA1.2.359706889.1579801773,2020-01-23,Krasnodar,8
2102,GA1.2.359365859.1580922333,2020-02-11,Krasnodar,9
2103,GA1.2.357899816.1579110686,2020-01-15,Krasnodar,10
2104,GA1.2.355233802.1579854174,2020-01-24,Krasnodar,10
2105,GA1.2.354749015.1581334454,2020-02-10,Krasnodar,9
2106,GA1.2.350892376.1578638032,2020-01-10,Krasnodar,15
2107,GA1.2.346722277.1578818534,2020-01-12,Krasnodar,7
2108,GA1.2.346469545.1578562952,2020-01-09,Krasnodar,7
2109,GA1.2.344278529.1579952438,2020-02-05,Krasnodar,15
2110,GA1.2.343797071.1578572218,2020-01-09,Krasnodar,15
2111,GA1.2.342903534.1579028985,2020-01-14,Krasnodar,10
2112,GA1.2.341408851.1581418785,2020-02-11,Krasnodar,10
2113,GA1.2.340963957.1577452550,2020-01-19,Krasnodar,10
2114,GA1.2.338957205.1581074136,2020-02-07,Krasnodar,7
2115,GA1.2.337921419.1516166886,2020-01-08,Krasnodar,7
2116,GA1.2.336352578.1576248703,2020-01-17,Krasnodar,15
2117,GA1.2.33565032.1579866460,2020-01-24,Krasnodar,9
2118,GA1.2.335342919.1580922985,2020-02-05,Krasnodar,3
2119,GA1.2.334977198.1581925338,2020-02-17,Krasnodar,8
2120,GA1.2.33429770.1577949008,2020-01-02,Krasnodar,15
2121,GA1.2.333190474.1580375616,2020-01-31,Krasnodar,10
2122,GA1.2.332418577.1580054181,2020-01-26,Krasnodar,15
2123,GA1.2.33117884.1579867610,2020-01-24,Krasnodar,7
2124,GA1.2.33045769.1580991309,2020-02-06,Krasnodar,13
2125,GA1.2.328151908.1580743384,2020-02-03,Krasnodar,2
2126,GA1.2.327932281.1579095651,2020-01-15,Krasnodar,7
2127,GA1.2.327715050.1580290764,2020-01-29,Krasnodar,15
2128,GA1.2.327564892.1579536289,2020-01-20,Krasnodar,15
2129,GA1.2.327302670.1578488954,2020-01-08,Krasnodar,10
2130,GA1.2.326448148.1581947540,2020-02-17,Krasnodar,10
2131,GA1.2.32511989.1578913655,2020-01-16,Krasnodar,10
2132,GA1.2.325087646.1578379229,2020-01-07,Krasnodar,7
2133,GA1.2.324213757.1576890119,2020-02-12,Krasnodar,7
2134,GA1.2.323933108.1581068971,2020-02-07,Krasnodar,7
2135,GA1.2.323012094.1581240363,2020-02-09,Krasnodar,7
2136,GA1.2.32286690.1580142000,2020-01-27,Krasnodar,13
2137,GA1.2.32200499.1576043207,2020-02-16,Krasnodar,9
2138,GA1.2.32200499.1576043207,2020-02-17,Krasnodar,15
2139,GA1.2.32095864.1578478776,2020-01-08,Krasnodar,8
2140,GA1.2.32062924.1579353706,2020-01-18,Krasnodar,7
2141,GA1.2.319864228.1581449952,2020-02-11,Krasnodar,10
2142,GA1.2.318506558.1580457810,2020-01-31,Krasnodar,15
2143,GA1.2.317916658.1577190442,2020-02-14,Krasnodar,7
2144,GA1.2.312626617.1577238073,2020-01-09,Krasnodar,6
2145,GA1.2.311611506.1531757318,2020-02-06,Krasnodar,15
2146,GA1.2.310585897.1581238087,2020-02-09,Krasnodar,15
2147,GA1.2.309397251.1578642083,2020-01-27,Krasnodar,13
2148,GA1.2.309213238.1568113805,2020-01-08,Krasnodar,5
2149,GA1.2.309213238.1568113805,2020-01-09,Krasnodar,10
2150,GA1.2.30797642.1578415014,2020-01-07,Krasnodar,8
2151,GA1.2.307710745.1578120184,2020-01-04,Krasnodar,7
2152,GA1.2.306921414.1578307829,2020-01-06,Krasnodar,7
2153,GA1.2.305702472.1581081895,2020-02-07,Krasnodar,5
2154,GA1.2.305459046.1581526176,2020-02-13,Krasnodar,10
2155,GA1.2.305340280.1578052225,2020-01-03,Krasnodar,7
2156,GA1.2.304523864.1578206430,2020-01-05,Krasnodar,12
2157,GA1.2.304015669.1580415281,2020-01-30,Krasnodar,4
2158,GA1.2.303868743.1578039304,2020-01-03,Krasnodar,7
2159,GA1.2.303079083.1581350054,2020-02-10,Krasnodar,12
2160,GA1.2.302909005.1579640375,2020-01-21,Krasnodar,9
2161,GA1.2.302655272.1580925471,2020-02-05,Krasnodar,8
2162,GA1.2.302617685.1581761959,2020-02-15,Krasnodar,8
2163,GA1.2.302497901.1578302175,2020-01-06,Krasnodar,9
2164,GA1.2.302072552.1579099615,2020-01-15,Krasnodar,10
2165,GA1.2.30107119.1578420681,2020-02-01,Krasnodar,10
2166,GA1.2.299606425.1577136481,2020-01-26,Krasnodar,9
2167,GA1.2.297759229.1578401327,2020-01-07,Krasnodar,4
2168,GA1.2.297521342.1581517106,2020-02-12,Krasnodar,8
2169,GA1.2.297521342.1581517106,2020-02-16,Krasnodar,15
2170,GA1.2.29741721.1581921912,2020-02-17,Krasnodar,10
2171,GA1.2.2973861.1579025446,2020-01-14,Krasnodar,8
2172,GA1.2.29684867.1581920069,2020-02-17,Krasnodar,15
2173,GA1.2.295632940.1579328536,2020-01-18,Krasnodar,4
2174,GA1.2.295519988.1579587377,2020-01-21,Krasnodar,7
2175,GA1.2.295216045.1581485721,2020-02-12,Krasnodar,10
2176,GA1.2.294270597.1578982190,2020-01-14,Krasnodar,8
2177,GA1.2.29173494.1579846373,2020-01-24,Krasnodar,7
2178,GA1.2.289937516.1579167398,2020-01-16,Krasnodar,11
2179,GA1.2.289534118.1577948347,2020-01-02,Krasnodar,3
2180,GA1.2.28694272.1571321808,2020-02-04,Krasnodar,10
2181,GA1.2.28694272.1571321808,2020-02-04,Krasnodar,7
2182,GA1.2.28694272.1571321808,2020-02-07,Krasnodar,10
2183,GA1.2.284905724.1577979890,2020-02-07,Krasnodar,8
2184,GA1.2.284771087.1581409660,2020-02-11,Krasnodar,15
2185,GA1.2.28326826.1579190452,2020-01-16,Krasnodar,4
2186,GA1.2.28193417.1581607331,2020-02-13,Krasnodar,4
2187,GA1.2.281487090.1578770028,2020-01-14,Krasnodar,11
2188,GA1.2.280851495.1581056966,2020-02-07,Krasnodar,3
2189,GA1.2.280789216.1580713490,2020-02-05,Krasnodar,10
2190,GA1.2.280255906.1578385392,2020-01-07,Krasnodar,13
2191,GA1.2.279043485.1575388015,2020-01-07,Krasnodar,8
2192,GA1.2.278973366.1578644882,2020-01-10,Krasnodar,10
2193,GA1.2.27776795.1580128085,2020-01-27,Krasnodar,7
2194,GA1.2.277109997.1581236757,2020-02-09,Krasnodar,10
2195,GA1.2.275028340.1579935135,2020-01-25,Krasnodar,10
2196,GA1.2.274940659.1580630143,2020-02-02,Krasnodar,7
2197,GA1.2.273928179.1577396692,2020-01-02,Krasnodar,8
2198,GA1.2.27380182.1580440182,2020-01-31,Krasnodar,9
2199,GA1.2.273567746.1578659225,2020-01-10,Krasnodar,15
2200,GA1.2.272825947.1575869413,2020-01-11,Krasnodar,8
2201,GA1.2.271701772.1580009475,2020-01-26,Krasnodar,10
2202,GA1.2.270763788.1578574043,2020-01-10,Krasnodar,5
2203,GA1.2.270314468.1579758016,2020-01-23,Krasnodar,12
2204,GA1.2.267958283.1578077911,2020-01-03,Krasnodar,15
2205,GA1.2.267109777.1579416298,2020-01-19,Krasnodar,9
2206,GA1.2.266803095.1580069277,2020-01-26,Krasnodar,10
2207,GA1.2.266647770.1580903247,2020-02-07,Krasnodar,15
2208,GA1.2.266249586.1578924021,2020-01-13,Krasnodar,10
2209,GA1.2.263364407.1581448746,2020-02-11,Krasnodar,10
2210,GA1.2.259657822.1579038669,2020-01-15,Krasnodar,2
2211,GA1.2.259473364.1579096611,2020-01-15,Krasnodar,9
2212,GA1.2.259369071.1577459680,2020-01-16,Krasnodar,10
2213,GA1.2.259369071.1577459680,2020-01-30,Krasnodar,10
2214,GA1.2.258822990.1580414442,2020-02-02,Krasnodar,7
2215,GA1.2.258545064.1578078884,2020-01-03,Krasnodar,9
2216,GA1.2.258225554.1579170480,2020-01-19,Krasnodar,8
2217,GA1.2.258106196.1581090912,2020-02-07,Krasnodar,10
2218,GA1.2.256876321.1578250559,2020-01-05,Krasnodar,10
2219,GA1.2.255648041.1578514409,2020-01-08,Krasnodar,6
2220,GA1.2.253327044.1580823770,2020-02-04,Krasnodar,8
2221,GA1.2.252479051.1580828821,2020-02-04,Krasnodar,10
2222,GA1.2.252258696.1581608865,2020-02-13,Krasnodar,7
2223,GA1.2.252255489.1578643244,2020-01-10,Krasnodar,9
2224,GA1.2.251610058.1581107072,2020-02-07,Krasnodar,4
2225,GA1.2.25091150.1580300129,2020-01-29,Krasnodar,15
2226,GA1.2.249811271.1573272515,2020-01-22,Krasnodar,10
2227,GA1.2.249734403.1581496036,2020-02-12,Krasnodar,11
2228,GA1.2.249430121.1581674182,2020-02-14,Krasnodar,10
2229,GA1.2.242357368.1578485464,2020-01-08,Krasnodar,10
2230,GA1.2.241126960.1581142283,2020-02-08,Krasnodar,15
2231,GA1.2.24043348.1581452272,2020-02-11,Krasnodar,15
2232,GA1.2.238982447.1581935275,2020-02-17,Krasnodar,10
2233,GA1.2.238225547.1581853552,2020-02-16,Krasnodar,7
2234,GA1.2.238225547.1581853552,2020-02-17,Krasnodar,8
2235,GA1.2.23803215.1580288001,2020-01-29,Krasnodar,9
2236,GA1.2.237936460.1580139415,2020-01-27,Krasnodar,8
2237,GA1.2.23692778.1574854978,2020-01-16,Krasnodar,8
2238,GA1.2.234434391.1579854157,2020-01-24,Krasnodar,7
2239,GA1.2.232962831.1578854356,2020-01-12,Krasnodar,4
2240,GA1.2.231703270.1580796401,2020-02-04,Krasnodar,8
2241,GA1.2.230207981.1571115864,2020-01-06,Krasnodar,9
2242,GA1.2.229478613.1578859524,2020-01-12,Krasnodar,4
2243,GA1.2.229449391.1579066540,2020-01-15,Krasnodar,10
2244,GA1.2.227899057.1578150977,2020-01-04,Krasnodar,12
2245,GA1.2.227855567.1577801064,2020-01-05,Krasnodar,15
2246,GA1.2.227855567.1577801064,2020-02-07,Krasnodar,4
2247,GA1.2.226034809.1581322461,2020-02-10,Krasnodar,11
2248,GA1.2.223615936.1581936032,2020-02-17,Krasnodar,9
2249,GA1.2.222157632.1580648264,2020-02-02,Krasnodar,7
2250,GA1.2.220829347.1562672660,2020-01-27,Krasnodar,12
2251,GA1.2.220261924.1581013551,2020-02-06,Krasnodar,6
2252,GA1.2.220149602.1580450926,2020-01-31,Krasnodar,10
2253,GA1.2.219345242.1579464172,2020-01-19,Krasnodar,6
2254,GA1.2.218396946.1578076964,2020-01-03,Krasnodar,4
2255,GA1.2.217090062.1578403366,2020-01-07,Krasnodar,15
2256,GA1.2.216805870.1579154886,2020-01-16,Krasnodar,13
2257,GA1.2.21608810.1578559431,2020-01-09,Krasnodar,5
2258,GA1.2.214901430.1578841075,2020-01-22,Krasnodar,15
2259,GA1.2.214756695.1563431268,2020-01-02,Krasnodar,10
2260,GA1.2.214756695.1563431268,2020-02-08,Krasnodar,6
2261,GA1.2.214756695.1563431268,2020-02-14,Krasnodar,12
2262,GA1.2.2146719154.1580620453,2020-02-01,Krasnodar,15
2263,GA1.2.2146610439.1511850376,2020-02-10,Krasnodar,9
2264,GA1.2.2146346093.1572515801,2020-01-02,Krasnodar,10
2265,GA1.2.2146346093.1572515801,2020-01-05,Krasnodar,8
2266,GA1.2.2144946753.1577194223,2020-01-05,Krasnodar,10
2267,GA1.2.2144946753.1577194223,2020-01-10,Krasnodar,4
2268,GA1.2.2144584198.1580897333,2020-02-05,Krasnodar,9
2269,GA1.2.2144529957.1580330590,2020-01-29,Krasnodar,7
2270,GA1.2.2143928775.1581245555,2020-02-09,Krasnodar,10
2271,GA1.2.2143324951.1578588383,2020-01-09,Krasnodar,15
2272,GA1.2.2142033507.1579092533,2020-01-15,Krasnodar,10
2273,GA1.2.2141468396.1579514580,2020-01-20,Krasnodar,1
2274,GA1.2.2137045220.1579460806,2020-01-19,Krasnodar,15
2275,GA1.2.2136999880.1580233674,2020-01-28,Krasnodar,7
2276,GA1.2.2136534519.1579218249,2020-01-17,Krasnodar,7
2277,GA1.2.2133451430.1580196031,2020-01-28,Krasnodar,11
2278,GA1.2.2130371069.1578025992,2020-01-03,Krasnodar,13
2279,GA1.2.2130214373.1578603136,2020-01-09,Krasnodar,8
2280,GA1.2.212864563.1578224797,2020-01-05,Krasnodar,8
2281,GA1.2.2128549283.1579348813,2020-01-18,Krasnodar,9
2282,GA1.2.2128357115.1580201312,2020-01-29,Krasnodar,12
2283,GA1.2.2128157000.1581082281,2020-02-07,Krasnodar,10
2284,GA1.2.2127184444.1580571627,2020-02-01,Krasnodar,7
2285,GA1.2.2126935385.1577907740,2020-01-01,Krasnodar,9
2286,GA1.2.2126492114.1581445282,2020-02-11,Krasnodar,7
2287,GA1.2.2126361737.1580807187,2020-02-04,Krasnodar,10
2288,GA1.2.2126361737.1580807187,2020-02-04,Krasnodar,6
2289,GA1.2.2124681924.1570612073,2020-02-05,Krasnodar,9
2290,GA1.2.2123580088.1579331318,2020-01-18,Krasnodar,7
2291,GA1.2.212322543.1577314549,2020-02-01,Krasnodar,6
2292,GA1.2.2122482011.1578495061,2020-01-08,Krasnodar,4
2293,GA1.2.2121999998.1579178305,2020-01-16,Krasnodar,10
2294,GA1.2.2120062259.1578504754,2020-01-08,Krasnodar,7
2295,GA1.2.21200307.1581109691,2020-02-08,Krasnodar,9
2296,GA1.2.2119820472.1578317124,2020-01-07,Krasnodar,8
2297,GA1.2.2118053585.1580499804,2020-01-31,Krasnodar,7
2298,GA1.2.2117488909.1579067384,2020-01-15,Krasnodar,9
2299,GA1.2.2116852790.1577276741,2020-01-04,Krasnodar,15
2300,GA1.2.2116852790.1577276741,2020-01-06,Krasnodar,13
2301,GA1.2.211662524.1562688651,2020-02-09,Krasnodar,10
2302,GA1.2.2114274019.1580147166,2020-01-27,Krasnodar,14
2303,GA1.2.2113908864.1579517027,2020-01-20,Krasnodar,10
2304,GA1.2.2113908864.1579517027,2020-01-20,Krasnodar,9
2305,GA1.2.2113588834.1579886004,2020-01-24,Krasnodar,9
2306,GA1.2.2113083844.1557166875,2020-01-30,Krasnodar,10
2307,GA1.2.211268162.1578062205,2020-01-10,Krasnodar,12
2308,GA1.2.2111161515.1580447078,2020-01-31,Krasnodar,10
2309,GA1.2.2110946524.1581070566,2020-02-07,Krasnodar,10
2310,GA1.2.2110264927.1580543452,2020-02-01,Krasnodar,11
2311,GA1.2.2109412598.1580062703,2020-01-26,Krasnodar,12
2312,GA1.2.2105703393.1580802495,2020-02-04,Krasnodar,15
2313,GA1.2.2104704309.1577204570,2020-02-17,Krasnodar,3
2314,GA1.2.2099025512.1578060250,2020-01-19,Krasnodar,10
2315,GA1.2.2098736929.1580058403,2020-01-26,Krasnodar,8
2316,GA1.2.2098416860.1577131965,2020-01-05,Krasnodar,15
2317,GA1.2.2098168009.1578468929,2020-01-08,Krasnodar,7
2318,GA1.2.2097834430.1578761405,2020-01-11,Krasnodar,15
2319,GA1.2.2097335637.1579421972,2020-01-19,Krasnodar,13
2320,GA1.2.2096118125.1581499074,2020-02-12,Krasnodar,7
2321,GA1.2.2095941792.1579249205,2020-01-17,Krasnodar,4
2322,GA1.2.2095563475.1560145931,2020-01-21,Krasnodar,9
2323,GA1.2.2095086152.1579778085,2020-01-30,Krasnodar,7
2324,GA1.2.2090567426.1581183384,2020-02-08,Krasnodar,10
2325,GA1.2.2090189384.1578513487,2020-01-18,Krasnodar,4
2326,GA1.2.2090075491.1578870213,2020-01-13,Krasnodar,8
2327,GA1.2.2089822348.1579673735,2020-01-22,Krasnodar,15
2328,GA1.2.2088640278.1580651231,2020-02-02,Krasnodar,10
2329,GA1.2.2087454011.1581584302,2020-02-13,Krasnodar,7
2330,GA1.2.208707616.1568290108,2020-01-14,Krasnodar,10
2331,GA1.2.2087001740.1577039834,2020-02-03,Krasnodar,10
2332,GA1.2.2086698110.1579722632,2020-01-22,Krasnodar,9
2333,GA1.2.2086421739.1581920666,2020-02-17,Krasnodar,8
2334,GA1.2.2086421739.1581920666,2020-02-17,Krasnodar,7
2335,GA1.2.2082764673.1580729086,2020-02-03,Krasnodar,8
2336,GA1.2.20821242.1575821564,2020-01-19,Krasnodar,4
2337,GA1.2.2082084543.1573905101,2020-01-05,Krasnodar,4
2338,GA1.2.2079764746.1580307776,2020-01-29,Krasnodar,7
2339,GA1.2.2079070063.1581346330,2020-02-10,Krasnodar,2
2340,GA1.2.2078691641.1581363845,2020-02-10,Krasnodar,8
2341,GA1.2.2078593198.1581426724,2020-02-11,Krasnodar,8
2342,GA1.2.2077794726.1576989648,2020-01-05,Krasnodar,10
2343,GA1.2.2076444924.1580473772,2020-01-31,Krasnodar,7
2344,GA1.2.2075716024.1580966101,2020-02-06,Krasnodar,12
2345,GA1.2.2074753740.1578980571,2020-02-05,Krasnodar,15
2346,GA1.2.2074537079.1578134616,2020-01-04,Krasnodar,2
2347,GA1.2.2074414276.1580065310,2020-02-02,Krasnodar,11
2348,GA1.2.207311312.1580498935,2020-01-31,Krasnodar,12
2349,GA1.2.2072634351.1577354962,2020-01-20,Krasnodar,15
2350,GA1.2.2071328153.1580210716,2020-01-28,Krasnodar,9
2351,GA1.2.2069825336.1581141929,2020-02-10,Krasnodar,10
2352,GA1.2.2069159884.1576147773,2020-01-23,Krasnodar,10
2353,GA1.2.2069159884.1576147773,2020-02-12,Krasnodar,8
2354,GA1.2.2066892816.1578839443,2020-01-12,Krasnodar,15
2355,GA1.2.2066103821.1580380891,2020-01-30,Krasnodar,7
2356,GA1.2.20656918.1580508589,2020-02-01,Krasnodar,7
2357,GA1.2.2065241755.1580196621,2020-01-28,Krasnodar,12
2358,GA1.2.2064094266.1581430019,2020-02-11,Krasnodar,10
2359,GA1.2.2061303296.1581684233,2020-02-14,Krasnodar,15
2360,GA1.2.2060353714.1535099938,2020-01-22,Krasnodar,15
2361,GA1.2.2059160090.1578407952,2020-01-07,Krasnodar,9
2362,GA1.2.2059140790.1578585007,2020-01-09,Krasnodar,2
2363,GA1.2.2058744534.1581948118,2020-02-17,Krasnodar,7
2364,GA1.2.2058239428.1579034333,2020-01-14,Krasnodar,8
2365,GA1.2.2058147454.1578920986,2020-01-13,Krasnodar,15
2366,GA1.2.2057969039.1580209854,2020-01-28,Krasnodar,15
2367,GA1.2.2057969039.1580209854,2020-01-29,Krasnodar,9
2368,GA1.2.2057969039.1580209854,2020-01-30,Krasnodar,7
2369,GA1.2.2055911081.1579240822,2020-01-17,Krasnodar,13
2370,GA1.2.2055406647.1580143531,2020-01-27,Krasnodar,7
2371,GA1.2.2055187024.1580583326,2020-02-05,Krasnodar,8
2372,GA1.2.2055153651.1577119936,2020-01-20,Krasnodar,9
2373,GA1.2.2055109853.1579651102,2020-01-29,Krasnodar,15
2374,GA1.2.2054477646.1581676492,2020-02-14,Krasnodar,10
2375,GA1.2.205358113.1581864661,2020-02-16,Krasnodar,10
2376,GA1.2.205312376.1578588124,2020-01-09,Krasnodar,8
2377,GA1.2.2053059583.1554720281,2020-01-29,Krasnodar,7
2378,GA1.2.2052320996.1581749781,2020-02-15,Krasnodar,7
2379,GA1.2.2051675660.1580720218,2020-02-03,Krasnodar,13
2380,GA1.2.2051237889.1579530278,2020-01-23,Krasnodar,15
2381,GA1.2.205010735.1580386976,2020-01-30,Krasnodar,8
2382,GA1.2.2048327698.1576767953,2020-01-03,Krasnodar,4
2383,GA1.2.2047179139.1580971527,2020-02-06,Krasnodar,15
2384,GA1.2.2043844889.1580349354,2020-01-30,Krasnodar,10
2385,GA1.2.2043261256.1569593474,2020-01-09,Krasnodar,7
2386,GA1.2.2041736398.1580894807,2020-02-08,Krasnodar,10
2387,GA1.2.2041139156.1563799927,2020-02-11,Krasnodar,4
2388,GA1.2.2041136033.1580280612,2020-01-29,Krasnodar,8
2389,GA1.2.2039006108.1579359727,2020-01-18,Krasnodar,7
2390,GA1.2.2039006108.1579359727,2020-01-18,Krasnodar,8
2391,GA1.2.2038561021.1576408156,2020-02-14,Krasnodar,11
2392,GA1.2.2038415896.1576900234,2020-02-13,Krasnodar,9
2393,GA1.2.2036234974.1579079191,2020-01-15,Krasnodar,15
2394,GA1.2.2036075917.1579546606,2020-01-20,Krasnodar,13
2395,GA1.2.2035985809.1574778550,2020-01-13,Krasnodar,4
2396,GA1.2.2035371748.1580594106,2020-02-02,Krasnodar,10
2397,GA1.2.2035068895.1580109360,2020-01-27,Krasnodar,8
2398,GA1.2.2034472534.1579363970,2020-01-18,Krasnodar,10
2399,GA1.2.2033351170.1579281986,2020-01-17,Krasnodar,9
2400,GA1.2.2033009289.1578134345,2020-01-04,Krasnodar,10
2401,GA1.2.2032060372.1575483114,2020-01-17,Krasnodar,13
2402,GA1.2.2030369965.1580642678,2020-02-02,Krasnodar,13
2403,GA1.2.2029892416.1579977071,2020-01-25,Krasnodar,10
2404,GA1.2.2029572203.1581739668,2020-02-15,Krasnodar,7
2405,GA1.2.2029119045.1577549864,2020-01-02,Krasnodar,4
2406,GA1.2.2028821894.1581063047,2020-02-07,Krasnodar,7
2407,GA1.2.2026347696.1578259457,2020-01-06,Krasnodar,14
2408,GA1.2.202618868.1578990905,2020-01-15,Krasnodar,9
2409,GA1.2.2026162130.1578938641,2020-01-13,Krasnodar,7
2410,GA1.2.2023479297.1580890618,2020-02-05,Krasnodar,9
2411,GA1.2.2022340288.1579326760,2020-01-18,Krasnodar,10
2412,GA1.2.2022340288.1579326760,2020-01-18,Krasnodar,10
2413,GA1.2.2021517185.1578063897,2020-01-03,Krasnodar,6
2414,GA1.2.2020124914.1580810247,2020-02-04,Krasnodar,9
2415,GA1.2.2019187388.1581347112,2020-02-10,Krasnodar,15
2416,GA1.2.2018603228.1577669791,2020-01-07,Krasnodar,13
2417,GA1.2.2016631217.1579621999,2020-01-21,Krasnodar,13
2418,GA1.2.2015385276.1573403758,2020-02-04,Krasnodar,5
2419,GA1.2.2014300566.1556468923,2020-02-03,Krasnodar,3
2420,GA1.2.2012484451.1580032235,2020-01-26,Krasnodar,1
2421,GA1.2.2011846873.1579074184,2020-01-15,Krasnodar,7
2422,GA1.2.2011846873.1579074184,2020-01-15,Krasnodar,7
2423,GA1.2.2011758958.1579871340,2020-01-24,Krasnodar,13
2424,GA1.2.2009471120.1563700166,2020-01-07,Krasnodar,10
2425,GA1.2.2009302229.1581340137,2020-02-10,Krasnodar,5
2426,GA1.2.2009302229.1581340137,2020-02-10,Krasnodar,13
2427,GA1.2.2008687086.1575224985,2020-01-12,Krasnodar,15
2428,GA1.2.2007540301.1579453959,2020-01-19,Krasnodar,15
2429,GA1.2.200748370.1581454090,2020-02-11,Krasnodar,4
2430,GA1.2.2001722059.1578634218,2020-01-10,Krasnodar,8
2431,GA1.2.2001568521.1579618428,2020-01-21,Krasnodar,13
2432,GA1.2.1999489915.1578163883,2020-01-04,Krasnodar,5
2433,GA1.2.1998465766.1571824612,2020-02-15,Krasnodar,13
2434,GA1.2.1997385818.1581437690,2020-02-11,Krasnodar,9
2435,GA1.2.199627720.1580031147,2020-01-26,Krasnodar,10
2436,GA1.2.199565665.1578683600,2020-01-10,Krasnodar,8
2437,GA1.2.1995437257.1578749303,2020-01-11,Krasnodar,8
2438,GA1.2.1994422463.1576225113,2020-02-04,Krasnodar,12
2439,GA1.2.1994343023.1581890072,2020-02-17,Krasnodar,8
2440,GA1.2.1992543906.1574921870,2020-01-16,Krasnodar,9
2441,GA1.2.1992543906.1574921870,2020-01-30,Krasnodar,3
2442,GA1.2.1992543906.1574921870,2020-02-13,Krasnodar,15
2443,GA1.2.1992454008.1578167120,2020-01-04,Krasnodar,7
2444,GA1.2.1991077315.1578663822,2020-01-10,Krasnodar,8
2445,GA1.2.1990059206.1579259916,2020-01-17,Krasnodar,15
2446,GA1.2.1989992299.1579417142,2020-01-19,Krasnodar,10
2447,GA1.2.1989742760.1580073671,2020-01-29,Krasnodar,9
2448,GA1.2.1989585456.1571611442,2020-01-31,Krasnodar,15
2449,GA1.2.1989194531.1581684485,2020-02-14,Krasnodar,10
2450,GA1.2.1988112017.1574440489,2020-01-14,Krasnodar,13
2451,GA1.2.1988054147.1541588440,2020-02-07,Krasnodar,8
2452,GA1.2.1987452.1580325292,2020-01-29,Krasnodar,8
2453,GA1.2.1985086967.1578379174,2020-01-07,Krasnodar,8
2454,GA1.2.1983484461.1579242577,2020-01-17,Krasnodar,7
2455,GA1.2.1983449723.1554800758,2020-01-27,Krasnodar,15
2456,GA1.2.1983367442.1568040199,2020-01-23,Krasnodar,5
2457,GA1.2.1982424396.1580237379,2020-01-28,Krasnodar,13
2458,GA1.2.1981616794.1579012880,2020-01-16,Krasnodar,12
2459,GA1.2.1979403059.1578318915,2020-01-06,Krasnodar,1
2460,GA1.2.1979246267.1579861274,2020-02-01,Krasnodar,10
2461,GA1.2.1977784634.1578296418,2020-01-06,Krasnodar,15
2462,GA1.2.197764258.1563377751,2020-01-22,Krasnodar,8
2463,GA1.2.1977251580.1578743555,2020-01-26,Krasnodar,15
2464,GA1.2.1976488619.1581856948,2020-02-16,Krasnodar,7
2465,GA1.2.1974837169.1566581727,2020-01-26,Krasnodar,1
2466,GA1.2.1974364572.1579590290,2020-01-21,Krasnodar,12
2467,GA1.2.1970739187.1581317470,2020-02-10,Krasnodar,10
2468,GA1.2.1970343692.1581715674,2020-02-15,Krasnodar,10
2469,GA1.2.1968341806.1580762360,2020-02-03,Krasnodar,10
2470,GA1.2.196741351.1576924287,2020-01-09,Krasnodar,8
2471,GA1.2.1966494786.1578855087,2020-01-14,Krasnodar,10
2472,GA1.2.1964392521.1578411869,2020-01-07,Krasnodar,10
2473,GA1.2.1964251817.1579239707,2020-01-17,Krasnodar,9
2474,GA1.2.1963822910.1581055271,2020-02-07,Krasnodar,8
2475,GA1.2.1963278928.1579089498,2020-01-15,Krasnodar,10
2476,GA1.2.1963213658.1571827344,2020-01-05,Krasnodar,15
2477,GA1.2.1962653895.1579497211,2020-01-20,Krasnodar,9
2478,GA1.2.1961884285.1569492640,2020-01-13,Krasnodar,10
2479,GA1.2.1959994470.1579252829,2020-01-18,Krasnodar,15
2480,GA1.2.1959076978.1577991653,2020-01-17,Krasnodar,7
2481,GA1.2.195856946.1580898113,2020-02-05,Krasnodar,9
2482,GA1.2.1956817470.1580317595,2020-01-29,Krasnodar,7
2483,GA1.2.1954316405.1575203284,2020-02-15,Krasnodar,13
2484,GA1.2.1952984549.1581247942,2020-02-09,Krasnodar,2
2485,GA1.2.1952941251.1580423604,2020-01-31,Krasnodar,7
2486,GA1.2.1952941251.1580423604,2020-01-31,Krasnodar,10
2487,GA1.2.1952715211.1578754212,2020-01-11,Krasnodar,7
2488,GA1.2.1952715211.1578754212,2020-01-11,Krasnodar,3
2489,GA1.2.1952176554.1580542938,2020-02-01,Krasnodar,8
2490,GA1.2.1952133437.1581000576,2020-02-06,Krasnodar,7
2491,GA1.2.195213021.1578415130,2020-01-07,Krasnodar,7
2492,GA1.2.1951538994.1577523832,2020-01-23,Krasnodar,9
2493,GA1.2.1950953234.1578243241,2020-01-05,Krasnodar,15
2494,GA1.2.1950317360.1578734622,2020-01-11,Krasnodar,8
2495,GA1.2.1949968879.1581664126,2020-02-14,Krasnodar,8
2496,GA1.2.1949909109.1580815740,2020-02-04,Krasnodar,12
2497,GA1.2.1946468035.1576653823,2020-02-01,Krasnodar,10
2498,GA1.2.1946468035.1576653823,2020-02-02,Krasnodar,7
2499,GA1.2.1946057820.1575010424,2020-01-22,Krasnodar,10
2500,GA1.2.1945820408.1578665965,2020-01-10,Krasnodar,9
2501,GA1.2.1944263436.1578073796,2020-01-11,Krasnodar,10
2502,GA1.2.1943963696.1580651543,2020-02-02,Krasnodar,6
2503,GA1.2.1943721365.1568547957,2020-01-07,Krasnodar,11
2504,GA1.2.1943721365.1568547957,2020-01-13,Krasnodar,5
2505,GA1.2.1941864079.1574821693,2020-01-04,Krasnodar,7
2506,GA1.2.1940980688.1581176154,2020-02-08,Krasnodar,7
2507,GA1.2.1940267857.1581015842,2020-02-06,Krasnodar,4
2508,GA1.2.1939246786.1580789223,2020-02-04,Krasnodar,13
2509,GA1.2.193875843.1581275225,2020-02-09,Krasnodar,15
2510,GA1.2.1934990896.1569944220,2020-01-16,Krasnodar,4
2511,GA1.2.1933979939.1577607591,2020-01-19,Krasnodar,15
2512,GA1.2.1933536313.1581864487,2020-02-16,Krasnodar,13
2513,GA1.2.1933458008.1577469162,2020-01-11,Krasnodar,8
2514,GA1.2.1926971437.1578907988,2020-01-13,Krasnodar,7
2515,GA1.2.1926376684.1580612143,2020-02-02,Krasnodar,15
2516,GA1.2.192616299.1580498820,2020-01-31,Krasnodar,10
2517,GA1.2.1925672906.1579805451,2020-01-23,Krasnodar,15
2518,GA1.2.1924973268.1580722204,2020-02-03,Krasnodar,10
2519,GA1.2.1924623540.1578591341,2020-01-09,Krasnodar,13
2520,GA1.2.1922962868.1580294973,2020-01-29,Krasnodar,7
2521,GA1.2.1921701604.1578766295,2020-01-11,Krasnodar,15
2522,GA1.2.1920894561.1580364238,2020-01-30,Krasnodar,15
2523,GA1.2.1920530318.1578415770,2020-01-24,Krasnodar,15
2524,GA1.2.1915833625.1580415083,2020-01-30,Krasnodar,13
2525,GA1.2.1914515023.1566752028,2020-01-16,Krasnodar,7
2526,GA1.2.1914453431.1577764268,2020-01-27,Krasnodar,12
2527,GA1.2.1913962333.1578722867,2020-01-11,Krasnodar,7
2528,GA1.2.1912828252.1581403957,2020-02-11,Krasnodar,13
2529,GA1.2.1912578686.1581752456,2020-02-15,Krasnodar,13
2530,GA1.2.1911833755.1581664711,2020-02-14,Krasnodar,10
2531,GA1.2.1910900702.1579717367,2020-01-22,Krasnodar,4
2532,GA1.2.1910263304.1580891952,2020-02-05,Krasnodar,9
2533,GA1.2.1908806310.1569704806,2020-01-11,Krasnodar,4
2534,GA1.2.1907691996.1580718872,2020-02-04,Krasnodar,15
2535,GA1.2.1906080626.1580487158,2020-01-31,Krasnodar,2
2536,GA1.2.1905770616.1573483890,2020-01-02,Krasnodar,10
2537,GA1.2.1905770616.1573483890,2020-01-07,Krasnodar,15
2538,GA1.2.1905072161.1576420943,2020-02-01,Krasnodar,4
2539,GA1.2.1904016884.1581665425,2020-02-14,Krasnodar,15
2540,GA1.2.1903732301.1579791582,2020-01-23,Krasnodar,15
2541,GA1.2.1901489243.1580372206,2020-01-30,Krasnodar,7
2542,GA1.2.1901366530.1581852376,2020-02-16,Krasnodar,9
2543,GA1.2.190012306.1570020627,2020-02-13,Krasnodar,10
2544,GA1.2.1899169339.1577604783,2020-01-16,Krasnodar,7
2545,GA1.2.1899169339.1577604783,2020-01-17,Krasnodar,13
2546,GA1.2.1899058094.1578428737,2020-01-07,Krasnodar,15
2547,GA1.2.1895753982.1577899387,2020-01-01,Krasnodar,8
2548,GA1.2.1895545874.1574688652,2020-01-09,Krasnodar,13
2549,GA1.2.1895545874.1574688652,2020-01-24,Krasnodar,13
2550,GA1.2.1894507307.1581272955,2020-02-09,Krasnodar,9
2551,GA1.2.1893689257.1580195335,2020-02-04,Krasnodar,7
2552,GA1.2.1893482877.1578774658,2020-01-25,Krasnodar,10
2553,GA1.2.1893418703.1579888992,2020-01-24,Krasnodar,8
2554,GA1.2.189280049.1578828647,2020-01-20,Krasnodar,5
2555,GA1.2.189280049.1578828647,2020-01-29,Krasnodar,15
2556,GA1.2.1889496744.1581270823,2020-02-09,Krasnodar,10
2557,GA1.2.1888313116.1579419773,2020-01-19,Krasnodar,8
2558,GA1.2.1888313116.1579419773,2020-01-19,Krasnodar,1
2559,GA1.2.1887986215.1578659296,2020-01-10,Krasnodar,15
2560,GA1.2.1886742.1580119075,2020-01-27,Krasnodar,10
2561,GA1.2.1885859642.1577887307,2020-01-01,Krasnodar,8
2562,GA1.2.1885816448.1579612512,2020-01-21,Krasnodar,10
2563,GA1.2.1885178258.1578932157,2020-01-13,Krasnodar,7
2564,GA1.2.1884389955.1580707664,2020-02-03,Krasnodar,8
2565,GA1.2.188429854.1580451285,2020-01-31,Krasnodar,9
2566,GA1.2.1883966990.1579615789,2020-01-21,Krasnodar,10
2567,GA1.2.1882982569.1574017366,2020-02-09,Krasnodar,15
2568,GA1.2.1881808470.1567098590,2020-01-15,Krasnodar,15
2569,GA1.2.1880608654.1581875228,2020-02-16,Krasnodar,7
2570,GA1.2.1878891773.1578518902,2020-01-09,Krasnodar,8
2571,GA1.2.187713632.1579785754,2020-01-23,Krasnodar,13
2572,GA1.2.1876323464.1551273927,2020-01-15,Krasnodar,9
2573,GA1.2.1875094219.1581414049,2020-02-11,Krasnodar,1
2574,GA1.2.1874552158.1578584522,2020-01-09,Krasnodar,8
2575,GA1.2.1874049019.1579591915,2020-01-21,Krasnodar,13
2576,GA1.2.1872037294.1569953494,2020-01-17,Krasnodar,8
2577,GA1.2.1871621444.1581473867,2020-02-12,Krasnodar,13
2578,GA1.2.1871225860.1581847868,2020-02-16,Krasnodar,9
2579,GA1.2.1871036533.1577360301,2020-01-19,Krasnodar,7
2580,GA1.2.1870887748.1579108962,2020-01-15,Krasnodar,10
2581,GA1.2.187023802.1579894415,2020-01-25,Krasnodar,9
2582,GA1.2.187023802.1579894415,2020-01-25,Krasnodar,8
2583,GA1.2.187000651.1581832799,2020-02-16,Krasnodar,10
2584,GA1.2.1869383411.1580640230,2020-02-02,Krasnodar,10
2585,GA1.2.1867962576.1578407024,2020-01-07,Krasnodar,9
2586,GA1.2.1867211108.1578943722,2020-02-15,Krasnodar,10
2587,GA1.2.1866583.1580471840,2020-01-31,Krasnodar,4
2588,GA1.2.1866174151.1579254116,2020-01-17,Krasnodar,12
2589,GA1.2.1865792992.1579656733,2020-01-22,Krasnodar,10
2590,GA1.2.1863980591.1580895182,2020-02-05,Krasnodar,12
2591,GA1.2.1863141593.1581177393,2020-02-08,Krasnodar,2
2592,GA1.2.1862656103.1580919969,2020-02-05,Krasnodar,10
2593,GA1.2.1861468316.1581742085,2020-02-15,Krasnodar,10
2594,GA1.2.1859827082.1557589437,2020-01-19,Krasnodar,15
2595,GA1.2.1859827082.1557589437,2020-01-21,Krasnodar,10
2596,GA1.2.1859817003.1578465207,2020-01-08,Krasnodar,7
2597,GA1.2.1859629227.1580990390,2020-02-06,Krasnodar,9
2598,GA1.2.1859584968.1580576565,2020-02-01,Krasnodar,6
2599,GA1.2.1859049584.1581504520,2020-02-12,Krasnodar,7
2600,GA1.2.1858857391.1580979428,2020-02-06,Krasnodar,15
2601,GA1.2.1858012438.1581507683,2020-02-12,Krasnodar,9
2602,GA1.2.185696933.1579425392,2020-02-02,Krasnodar,10
2603,GA1.2.1854085419.1578745421,2020-01-11,Krasnodar,9
2604,GA1.2.1851520026.1578549383,2020-01-09,Krasnodar,10
2605,GA1.2.1850719770.1580229475,2020-01-28,Krasnodar,9
2606,GA1.2.1849722623.1581236547,2020-02-09,Krasnodar,9
2607,GA1.2.1849337489.1579107708,2020-01-15,Krasnodar,9
2608,GA1.2.1848221779.1578651593,2020-01-13,Krasnodar,9
2609,GA1.2.1847762614.1580840110,2020-02-05,Krasnodar,7
2610,GA1.2.1847622590.1581932283,2020-02-17,Krasnodar,15
2611,GA1.2.1847437045.1578572348,2020-01-09,Krasnodar,9
2612,GA1.2.1846257165.1581067849,2020-02-07,Krasnodar,7
2613,GA1.2.1844814625.1580415892,2020-01-30,Krasnodar,10
2614,GA1.2.1842529715.1578067319,2020-01-06,Krasnodar,7
2615,GA1.2.1841641159.1579887196,2020-01-24,Krasnodar,5
2616,GA1.2.1840781923.1580731494,2020-02-03,Krasnodar,15
2617,GA1.2.1840291554.1581781450,2020-02-15,Krasnodar,12
2618,GA1.2.1839116376.1579073273,2020-01-15,Krasnodar,8
2619,GA1.2.1838408812.1580974242,2020-02-06,Krasnodar,8
2620,GA1.2.1837190315.1580825489,2020-02-04,Krasnodar,15
2621,GA1.2.1837068756.1564503969,2020-01-04,Krasnodar,9
2622,GA1.2.1837068756.1564503969,2020-01-18,Krasnodar,15
2623,GA1.2.1836864584.1579180282,2020-01-16,Krasnodar,10
2624,GA1.2.1835247899.1581504262,2020-02-12,Krasnodar,5
2625,GA1.2.1834297721.1579684276,2020-01-22,Krasnodar,7
2626,GA1.2.183375437.1581244585,2020-02-09,Krasnodar,13
2627,GA1.2.1833742075.1580655736,2020-02-02,Krasnodar,9
2628,GA1.2.1829236078.1578133749,2020-01-04,Krasnodar,9
2629,GA1.2.1828820141.1577903837,2020-01-08,Krasnodar,10
2630,GA1.2.182850198.1581679941,2020-02-15,Krasnodar,8
2631,GA1.2.1828264840.1572933659,2020-01-13,Krasnodar,9
2632,GA1.2.1828264840.1572933659,2020-01-15,Krasnodar,15
2633,GA1.2.1828264840.1572933659,2020-01-19,Krasnodar,4
2634,GA1.2.1827616571.1577248872,2020-01-19,Krasnodar,5
2635,GA1.2.182738355.1577786367,2020-01-01,Krasnodar,13
2636,GA1.2.1827218694.1579631384,2020-01-21,Krasnodar,7
2637,GA1.2.1827063028.1550567494,2020-01-21,Krasnodar,4
2638,GA1.2.1824272450.1579005782,2020-01-14,Krasnodar,15
2639,GA1.2.1821499504.1577679423,2020-01-02,Krasnodar,9
2640,GA1.2.1820910727.1578638116,2020-01-10,Krasnodar,7
2641,GA1.2.1817997440.1578261568,2020-01-06,Krasnodar,15
2642,GA1.2.1817991406.1579276537,2020-01-17,Krasnodar,7
2643,GA1.2.1816227923.1575182250,2020-01-04,Krasnodar,8
2644,GA1.2.1814715396.1555739438,2020-02-14,Krasnodar,9
2645,GA1.2.1814545742.1561206799,2020-01-20,Krasnodar,7
2646,GA1.2.1813729329.1563478269,2020-01-06,Krasnodar,2
2647,GA1.2.181326528.1580711494,2020-02-03,Krasnodar,9
2648,GA1.2.181266835.1578496594,2020-01-08,Krasnodar,10
2649,GA1.2.1811399372.1581916364,2020-02-17,Krasnodar,10
2650,GA1.2.1810576510.1580060995,2020-01-26,Krasnodar,10
2651,GA1.2.1809957611.1577330288,2020-01-20,Krasnodar,13
2652,GA1.2.1808381088.1580716282,2020-02-03,Krasnodar,12
2653,GA1.2.1808014049.1581770619,2020-02-15,Krasnodar,7
2654,GA1.2.1807846960.1578238392,2020-01-05,Krasnodar,7
2655,GA1.2.1807498089.1579199578,2020-01-16,Krasnodar,13
2656,GA1.2.1807417641.1580131304,2020-01-27,Krasnodar,9
2657,GA1.2.1804749286.1575469394,2020-01-17,Krasnodar,9
2658,GA1.2.1800692112.1579614631,2020-02-13,Krasnodar,10
2659,GA1.2.1799468500.1581061532,2020-02-07,Krasnodar,15
2660,GA1.2.1799468500.1581061532,2020-02-07,Krasnodar,2
2661,GA1.2.1799468500.1581061532,2020-02-07,Krasnodar,5
2662,GA1.2.1795673538.1578084862,2020-01-03,Krasnodar,15
2663,GA1.2.1795673538.1578084862,2020-01-04,Krasnodar,9
2664,GA1.2.1794896343.1580839918,2020-02-04,Krasnodar,10
2665,GA1.2.1794858581.1574538081,2020-02-11,Krasnodar,7
2666,GA1.2.1794499087.1579711222,2020-01-22,Krasnodar,8
2667,GA1.2.1794499087.1579711222,2020-01-26,Krasnodar,8
2668,GA1.2.179442957.1581935418,2020-02-17,Krasnodar,7
2669,GA1.2.1794362903.1581499875,2020-02-12,Krasnodar,13
2670,GA1.2.1791300838.1581308279,2020-02-10,Krasnodar,10
2671,GA1.2.1790775515.1579767433,2020-02-05,Krasnodar,3
2672,GA1.2.1790190143.1579859111,2020-02-17,Krasnodar,10
2673,GA1.2.178938932.1577342541,2020-01-04,Krasnodar,9
2674,GA1.2.1788431704.1577182282,2020-01-28,Krasnodar,7
2675,GA1.2.1786846049.1578896291,2020-01-13,Krasnodar,6
2676,GA1.2.1786444676.1579424989,2020-01-19,Krasnodar,15
2677,GA1.2.1785794599.1572966888,2020-01-06,Krasnodar,11
2678,GA1.2.1784932146.1581342826,2020-02-10,Krasnodar,15
2679,GA1.2.1782403324.1580644395,2020-02-02,Krasnodar,9
2680,GA1.2.1781858478.1581934944,2020-02-17,Krasnodar,15
2681,GA1.2.1780929033.1568152795,2020-02-02,Krasnodar,9
2682,GA1.2.1780929033.1568152795,2020-02-10,Krasnodar,11
2683,GA1.2.1780272577.1580309731,2020-01-29,Krasnodar,13
2684,GA1.2.1778861920.1577645156,2020-01-14,Krasnodar,8
2685,GA1.2.1778415817.1578120659,2020-01-04,Krasnodar,10
2686,GA1.2.1777158345.1580230602,2020-01-28,Krasnodar,10
2687,GA1.2.1775474343.1577332381,2020-01-04,Krasnodar,9
2688,GA1.2.1774295071.1576009573,2020-01-13,Krasnodar,7
2689,GA1.2.1772093662.1580754649,2020-02-03,Krasnodar,9
2690,GA1.2.1771171905.1580815273,2020-02-04,Krasnodar,9
2691,GA1.2.1770342446.1578747431,2020-01-12,Krasnodar,10
2692,GA1.2.1769658659.1581699478,2020-02-14,Krasnodar,4
2693,GA1.2.1768951700.1579279570,2020-01-17,Krasnodar,7
2694,GA1.2.1767643461.1577591538,2020-01-01,Krasnodar,10
2695,GA1.2.1766627343.1578997399,2020-01-14,Krasnodar,4
2696,GA1.2.1766586263.1581081337,2020-02-07,Krasnodar,8
2697,GA1.2.176558089.1580211728,2020-01-28,Krasnodar,8
2698,GA1.2.1765547832.1579844818,2020-01-24,Krasnodar,3
2699,GA1.2.1765496642.1580619050,2020-02-02,Krasnodar,10
2700,GA1.2.1764678065.1581077160,2020-02-07,Krasnodar,10
2701,GA1.2.1763046722.1577976693,2020-01-02,Krasnodar,15
2702,GA1.2.1762789992.1578746351,2020-01-11,Krasnodar,10
2703,GA1.2.1762599684.1581690575,2020-02-14,Krasnodar,5
2704,GA1.2.1761343948.1579445151,2020-01-19,Krasnodar,7
2705,GA1.2.1760573379.1580569228,2020-02-01,Krasnodar,12
2706,GA1.2.176047149.1576087773,2020-01-20,Krasnodar,10
2707,GA1.2.1758503965.1579690188,2020-01-22,Krasnodar,10
2708,GA1.2.1758009773.1579103057,2020-02-10,Krasnodar,11
2709,GA1.2.1757183710.1581701685,2020-02-14,Krasnodar,10
2710,GA1.2.175700925.1570541588,2020-01-15,Krasnodar,8
2711,GA1.2.1756863039.1561982188,2020-01-04,Krasnodar,15
2712,GA1.2.1754500163.1578502847,2020-01-08,Krasnodar,10
2713,GA1.2.175310630.1581656500,2020-02-14,Krasnodar,10
2714,GA1.2.1752617032.1578417953,2020-01-07,Krasnodar,2
2715,GA1.2.1751722751.1581743748,2020-02-15,Krasnodar,4
2716,GA1.2.1751555970.1578735352,2020-01-11,Krasnodar,8
2717,GA1.2.1749698405.1581791145,2020-02-15,Krasnodar,13
2718,GA1.2.1749632395.1578763639,2020-01-11,Krasnodar,4
2719,GA1.2.1748699034.1580925812,2020-02-05,Krasnodar,8
2720,GA1.2.1748528980.1579204105,2020-01-17,Krasnodar,8
2721,GA1.2.1748284426.1576086519,2020-02-13,Krasnodar,5
2722,GA1.2.1747441953.1580886108,2020-02-05,Krasnodar,9
2723,GA1.2.1746279924.1581357274,2020-02-10,Krasnodar,6
2724,GA1.2.1745768317.1579764305,2020-01-23,Krasnodar,11
2725,GA1.2.174555055.1580469971,2020-01-31,Krasnodar,10
2726,GA1.2.1744618982.1580322830,2020-01-29,Krasnodar,8
2727,GA1.2.1744562533.1576321509,2020-01-03,Krasnodar,10
2728,GA1.2.1744350054.1580063274,2020-01-26,Krasnodar,10
2729,GA1.2.1744205430.1579071660,2020-01-15,Krasnodar,10
2730,GA1.2.1743412094.1581870136,2020-02-16,Krasnodar,8
2731,GA1.2.1743297288.1581187707,2020-02-08,Krasnodar,4
2732,GA1.2.1741588675.1580562533,2020-02-01,Krasnodar,4
2733,GA1.2.1739932733.1581807271,2020-02-16,Krasnodar,7
2734,GA1.2.17393591.1579078401,2020-01-15,Krasnodar,11
2735,GA1.2.1738191388.1579004937,2020-02-06,Krasnodar,9
2736,GA1.2.1737196945.1575491377,2020-02-04,Krasnodar,10
2737,GA1.2.1737063039.1563530617,2020-02-10,Krasnodar,10
2738,GA1.2.1737063039.1563530617,2020-02-15,Krasnodar,7
2739,GA1.2.173630204.1578306676,2020-01-06,Krasnodar,15
2740,GA1.2.1736073314.1580393526,2020-01-30,Krasnodar,11
2741,GA1.2.173520646.1577550080,2020-01-14,Krasnodar,4
2742,GA1.2.1733738438.1577565768,2020-01-02,Krasnodar,8
2743,GA1.2.1732155735.1580985137,2020-02-06,Krasnodar,10
2744,GA1.2.1730796641.1577242667,2020-01-02,Krasnodar,8
2745,GA1.2.1727496883.1578214831,2020-01-05,Krasnodar,15
2746,GA1.2.172743098.1581739627,2020-02-15,Krasnodar,1
2747,GA1.2.1726681152.1579988894,2020-01-26,Krasnodar,2
2748,GA1.2.1725906700.1579719907,2020-01-25,Krasnodar,7
2749,GA1.2.172559225.1580684710,2020-02-03,Krasnodar,8
2750,GA1.2.1724461339.1577996795,2020-01-02,Krasnodar,10
2751,GA1.2.1724383074.1581575165,2020-02-13,Krasnodar,9
2752,GA1.2.1724222210.1581748733,2020-02-15,Krasnodar,10
2753,GA1.2.1723496585.1578904844,2020-01-13,Krasnodar,7
2754,GA1.2.1723496585.1578904844,2020-01-13,Krasnodar,15
2755,GA1.2.1722548803.1579447353,2020-01-21,Krasnodar,10
2756,GA1.2.1722529671.1580895980,2020-02-05,Krasnodar,15
2757,GA1.2.1720274390.1565471361,2020-02-10,Krasnodar,15
2758,GA1.2.1717574560.1579115385,2020-01-15,Krasnodar,5
2759,GA1.2.1717383363.1557746380,2020-01-16,Krasnodar,5
2760,GA1.2.1716980942.1581794121,2020-02-15,Krasnodar,10
2761,GA1.2.1716859619.1581514348,2020-02-12,Krasnodar,7
2762,GA1.2.1716067610.1580403467,2020-01-30,Krasnodar,9
2763,GA1.2.1714794110.1580483127,2020-01-31,Krasnodar,7
2764,GA1.2.1713954931.1564388097,2020-01-31,Krasnodar,8
2765,GA1.2.1713423844.1478792968,2020-01-29,Krasnodar,9
2766,GA1.2.1713410234.1579775386,2020-01-23,Krasnodar,10
2767,GA1.2.1713005457.1581108678,2020-02-07,Krasnodar,4
2768,GA1.2.1712841909.1579181485,2020-01-21,Krasnodar,7
2769,GA1.2.1712157418.1580235703,2020-02-04,Krasnodar,6
2770,GA1.2.1711003844.1580211135,2020-01-28,Krasnodar,13
2771,GA1.2.1709713164.1576131671,2020-01-28,Krasnodar,10
2772,GA1.2.170878970.1579710920,2020-01-22,Krasnodar,2
2773,GA1.2.1708425210.1581198500,2020-02-09,Krasnodar,7
2774,GA1.2.1707328112.1580131967,2020-01-27,Krasnodar,8
2775,GA1.2.1704048156.1579811363,2020-01-23,Krasnodar,15
2776,GA1.2.170270050.1578736746,2020-01-23,Krasnodar,7
2777,GA1.2.1702275259.1579992254,2020-01-26,Krasnodar,15
2778,GA1.2.1699443126.1580279177,2020-01-29,Krasnodar,8
2779,GA1.2.1697461395.1579964261,2020-01-26,Krasnodar,15
2780,GA1.2.1696864159.1580624823,2020-02-02,Krasnodar,10
2781,GA1.2.1696168155.1581092715,2020-02-08,Krasnodar,13
2782,GA1.2.1693768773.1577417305,2020-01-05,Krasnodar,6
2783,GA1.2.1692095634.1580313482,2020-01-29,Krasnodar,7
2784,GA1.2.1691870025.1574320225,2020-02-10,Krasnodar,12
2785,GA1.2.1689792791.1580283104,2020-01-29,Krasnodar,8
2786,GA1.2.1687147494.1578983374,2020-01-14,Krasnodar,8
2787,GA1.2.168649653.1578677789,2020-01-10,Krasnodar,4
2788,GA1.2.168414017.1579465216,2020-01-19,Krasnodar,4
2789,GA1.2.168328300.1576657053,2020-01-22,Krasnodar,10
2790,GA1.2.1681210285.1581005129,2020-02-06,Krasnodar,7
2791,GA1.2.1680928956.1581605651,2020-02-13,Krasnodar,9
2792,GA1.2.168061678.1580496257,2020-01-31,Krasnodar,8
2793,GA1.2.1678835023.1581703647,2020-02-14,Krasnodar,11
2794,GA1.2.1677571292.1580730137,2020-02-03,Krasnodar,8
2795,GA1.2.1677571292.1580730137,2020-02-07,Krasnodar,9
2796,GA1.2.1675869884.1578426676,2020-01-27,Krasnodar,15
2797,GA1.2.1675241751.1573758552,2020-01-08,Krasnodar,10
2798,GA1.2.1674076332.1580543868,2020-02-04,Krasnodar,7
2799,GA1.2.1673819611.1575474668,2020-01-11,Krasnodar,10
2800,GA1.2.1673512005.1581740405,2020-02-15,Krasnodar,9
2801,GA1.2.1673209605.1580405312,2020-02-05,Krasnodar,11
2802,GA1.2.1672819231.1581239550,2020-02-10,Krasnodar,4
2803,GA1.2.167239173.1564216298,2020-01-04,Krasnodar,7
2804,GA1.2.167239173.1564216298,2020-01-04,Krasnodar,10
2805,GA1.2.167239173.1564216298,2020-01-27,Krasnodar,8
2806,GA1.2.167129480.1569037126,2020-01-15,Krasnodar,13
2807,GA1.2.1670836633.1581535202,2020-02-13,Krasnodar,3
2808,GA1.2.1665425042.1578462250,2020-01-13,Krasnodar,7
2809,GA1.2.1664865194.1578068601,2020-01-03,Krasnodar,8
2810,GA1.2.1664865194.1578068601,2020-01-06,Krasnodar,8
2811,GA1.2.1663912712.1580043974,2020-01-26,Krasnodar,4
2812,GA1.2.1663612893.1581838544,2020-02-17,Krasnodar,13
2813,GA1.2.1663540035.1581189825,2020-02-09,Krasnodar,10
2814,GA1.2.1663459053.1580334580,2020-01-30,Krasnodar,7
2815,GA1.2.1663355730.1578902079,2020-01-13,Krasnodar,12
2816,GA1.2.1662831099.1581785239,2020-02-15,Krasnodar,7
2817,GA1.2.1662555621.1570885871,2020-01-09,Krasnodar,7
2818,GA1.2.1661454573.1575475427,2020-01-15,Krasnodar,11
2819,GA1.2.166101752.1579331264,2020-01-18,Krasnodar,15
2820,GA1.2.1660884769.1578241718,2020-01-05,Krasnodar,13
2821,GA1.2.1659177085.1577981877,2020-01-02,Krasnodar,13
2822,GA1.2.1658981518.1580989454,2020-02-06,Krasnodar,10
2823,GA1.2.165833950.1581564461,2020-02-13,Krasnodar,9
2824,GA1.2.165526918.1579945545,2020-01-25,Krasnodar,8
2825,GA1.2.165521785.1564123781,2020-01-15,Krasnodar,15
2826,GA1.2.1654076164.1579354371,2020-01-18,Krasnodar,15
2827,GA1.2.1653457351.1580927339,2020-02-05,Krasnodar,6
2828,GA1.2.1653426406.1581536833,2020-02-13,Krasnodar,14
2829,GA1.2.1652544697.1581352158,2020-02-10,Krasnodar,7
2830,GA1.2.1652079574.1579244655,2020-01-17,Krasnodar,9
2831,GA1.2.1651868408.1576520727,2020-01-05,Krasnodar,5
2832,GA1.2.1650593089.1580827588,2020-02-04,Krasnodar,7
2833,GA1.2.1650261368.1578572496,2020-01-09,Krasnodar,9
2834,GA1.2.1649692578.1577952040,2020-01-02,Krasnodar,10
2835,GA1.2.1649547317.1579971098,2020-02-09,Krasnodar,7
2836,GA1.2.1649179727.1580050793,2020-01-26,Krasnodar,8
2837,GA1.2.1649110924.1581361221,2020-02-10,Krasnodar,8
2838,GA1.2.1648752075.1581061310,2020-02-07,Krasnodar,8
2839,GA1.2.1647330830.1579090246,2020-01-15,Krasnodar,13
2840,GA1.2.1647215794.1579619462,2020-01-21,Krasnodar,15
2841,GA1.2.164673100.1578895955,2020-01-13,Krasnodar,10
2842,GA1.2.1646111195.1580198860,2020-01-28,Krasnodar,7
2843,GA1.2.1645325527.1574741878,2020-01-04,Krasnodar,15
2844,GA1.2.1645325527.1574741878,2020-01-24,Krasnodar,15
2845,GA1.2.1645325527.1574741878,2020-01-25,Krasnodar,5
2846,GA1.2.1645325527.1574741878,2020-01-26,Krasnodar,10
2847,GA1.2.1645083002.1581844332,2020-02-16,Krasnodar,10
2848,GA1.2.1644141905.1578032521,2020-01-03,Krasnodar,13
2849,GA1.2.1640642112.1581171757,2020-02-08,Krasnodar,9
2850,GA1.2.1640624013.1578832655,2020-01-12,Krasnodar,4
2851,GA1.2.1639011759.1581686359,2020-02-14,Krasnodar,10
2852,GA1.2.1638331018.1579460611,2020-01-21,Krasnodar,7
2853,GA1.2.1636018084.1581590771,2020-02-13,Krasnodar,10
2854,GA1.2.1635916533.1565032164,2020-01-28,Krasnodar,12
2855,GA1.2.163378685.1580358424,2020-01-30,Krasnodar,7
2856,GA1.2.1633556532.1578860681,2020-01-12,Krasnodar,9
2857,GA1.2.1631717462.1581790128,2020-02-15,Krasnodar,8
2858,GA1.2.1631305876.1579015837,2020-02-11,Krasnodar,10
2859,GA1.2.1629894687.1558794347,2020-02-10,Krasnodar,8
2860,GA1.2.1628656972.1581701535,2020-02-14,Krasnodar,10
2861,GA1.2.1627303117.1576950986,2020-01-13,Krasnodar,15
2862,GA1.2.1624657225.1580898878,2020-02-05,Krasnodar,6
2863,GA1.2.1623884894.1579963238,2020-01-25,Krasnodar,13
2864,GA1.2.1622990521.1578599551,2020-01-09,Krasnodar,7
2865,GA1.2.1622810896.1572095923,2020-02-04,Krasnodar,10
2866,GA1.2.162279992.1581355787,2020-02-10,Krasnodar,15
2867,GA1.2.162279992.1581355787,2020-02-11,Krasnodar,10
2868,GA1.2.1621118274.1581367048,2020-02-11,Krasnodar,7
2869,GA1.2.1620712728.1578496205,2020-01-08,Krasnodar,10
2870,GA1.2.1619664995.1581235109,2020-02-09,Krasnodar,7
2871,GA1.2.1619455973.1580037490,2020-01-26,Krasnodar,9
2872,GA1.2.1618423252.1579345518,2020-01-18,Krasnodar,13
2873,GA1.2.1617713096.1578212761,2020-01-05,Krasnodar,9
2874,GA1.2.1617148756.1578652170,2020-01-10,Krasnodar,7
2875,GA1.2.1616930541.1576514542,2020-01-18,Krasnodar,1
2876,GA1.2.1616930541.1576514542,2020-01-18,Krasnodar,15
2877,GA1.2.1616748006.1579466789,2020-01-25,Krasnodar,11
2878,GA1.2.1616348902.1543042390,2020-02-06,Krasnodar,4
2879,GA1.2.1616023359.1581159099,2020-02-08,Krasnodar,10
2880,GA1.2.1615621111.1579946996,2020-01-25,Krasnodar,9
2881,GA1.2.1615124653.1580760664,2020-02-03,Krasnodar,8
2882,GA1.2.1612657774.1576791356,2020-01-21,Krasnodar,1
2883,GA1.2.161227848.1577914115,2020-01-02,Krasnodar,9
2884,GA1.2.1611782464.1581453347,2020-02-16,Krasnodar,7
2885,GA1.2.1611513157.1574872756,2020-01-07,Krasnodar,7
2886,GA1.2.1611513157.1574872756,2020-01-15,Krasnodar,7
2887,GA1.2.1611466530.1579358195,2020-01-18,Krasnodar,8
2888,GA1.2.1609739029.1578048057,2020-01-03,Krasnodar,10
2889,GA1.2.1609636191.1576044807,2020-01-10,Krasnodar,7
2890,GA1.2.1609387814.1580735411,2020-02-06,Krasnodar,10
2891,GA1.2.1609387814.1580735411,2020-02-08,Krasnodar,13
2892,GA1.2.1607030507.1581351048,2020-02-10,Krasnodar,15
2893,GA1.2.160681432.1580593195,2020-02-02,Krasnodar,12
2894,GA1.2.1606328024.1581843372,2020-02-16,Krasnodar,9
2895,GA1.2.1604993570.1579339056,2020-01-18,Krasnodar,15
2896,GA1.2.160419011.1577572014,2020-01-01,Krasnodar,10
2897,GA1.2.1604133576.1580305143,2020-01-29,Krasnodar,8
2898,GA1.2.1603065152.1571377367,2020-01-10,Krasnodar,15
2899,GA1.2.1602949378.1581949493,2020-02-17,Krasnodar,10
2900,GA1.2.1602370433.1579686022,2020-01-22,Krasnodar,7
2901,GA1.2.1599865239.1579155541,2020-01-16,Krasnodar,15
2902,GA1.2.159950896.1578843483,2020-01-13,Krasnodar,7
2903,GA1.2.1599162166.1580551420,2020-02-01,Krasnodar,8
2904,GA1.2.1598695528.1581070118,2020-02-07,Krasnodar,8
2905,GA1.2.1598319142.1580653299,2020-02-02,Krasnodar,10
2906,GA1.2.1597067880.1577418234,2020-01-03,Krasnodar,15
2907,GA1.2.1596446470.1578654446,2020-01-10,Krasnodar,15
2908,GA1.2.1595870440.1580209433,2020-01-28,Krasnodar,5
2909,GA1.2.1592457347.1579889692,2020-01-24,Krasnodar,10
2910,GA1.2.159232661.1581599040,2020-02-13,Krasnodar,13
2911,GA1.2.1590388891.1580240334,2020-01-28,Krasnodar,3
2912,GA1.2.1590370074.1580669415,2020-02-02,Krasnodar,10
2913,GA1.2.1590223194.1578889801,2020-01-13,Krasnodar,4
2914,GA1.2.1587912294.1579451486,2020-01-19,Krasnodar,8
2915,GA1.2.1587419139.1579753554,2020-01-23,Krasnodar,13
2916,GA1.2.1587290134.1581493793,2020-02-12,Krasnodar,4
2917,GA1.2.1583712840.1576612015,2020-01-02,Krasnodar,9
2918,GA1.2.1583712840.1576612015,2020-01-02,Krasnodar,8
2919,GA1.2.1583712840.1576612015,2020-01-03,Krasnodar,10
2920,GA1.2.158303533.1578983453,2020-01-14,Krasnodar,7
2921,GA1.2.1582193583.1581201586,2020-02-09,Krasnodar,12
2922,GA1.2.1580834495.1577764667,2020-01-03,Krasnodar,13
2923,GA1.2.1578254815.1580313926,2020-01-29,Krasnodar,8
2924,GA1.2.1578132793.1579537210,2020-01-20,Krasnodar,4
2925,GA1.2.1576777152.1581176885,2020-02-08,Krasnodar,9
2926,GA1.2.1576188025.1580448676,2020-01-31,Krasnodar,10
2927,GA1.2.1576089470.1579107835,2020-01-15,Krasnodar,4
2928,GA1.2.1574379824.1581259576,2020-02-11,Krasnodar,12
2929,GA1.2.1572839314.1581688325,2020-02-14,Krasnodar,13
2930,GA1.2.1572031217.1578071238,2020-01-04,Krasnodar,7
2931,GA1.2.1571898029.1580712373,2020-02-12,Krasnodar,10
2932,GA1.2.1569784075.1570552588,2020-02-09,Krasnodar,4
2933,GA1.2.1569031410.1581270450,2020-02-16,Krasnodar,15
2934,GA1.2.1565775809.1578077964,2020-01-03,Krasnodar,7
2935,GA1.2.156430610.1579498443,2020-01-20,Krasnodar,15
2936,GA1.2.1564124790.1581022526,2020-02-06,Krasnodar,10
2937,GA1.2.1563713819.1581322566,2020-02-10,Krasnodar,9
2938,GA1.2.1563395377.1581862967,2020-02-16,Krasnodar,9
2939,GA1.2.156231092.1579107667,2020-01-15,Krasnodar,15
2940,GA1.2.1559940137.1581532668,2020-02-12,Krasnodar,15
2941,GA1.2.1559325502.1538410347,2020-02-09,Krasnodar,10
2942,GA1.2.1557285480.1581316320,2020-02-10,Krasnodar,13
2943,GA1.2.1555222906.1579161103,2020-01-16,Krasnodar,1
2944,GA1.2.155321489.1581526019,2020-02-12,Krasnodar,9
2945,GA1.2.1551634552.1579460268,2020-01-19,Krasnodar,8
2946,GA1.2.1550665294.1578855403,2020-01-12,Krasnodar,10
2947,GA1.2.1550454362.1580394207,2020-01-30,Krasnodar,6
2948,GA1.2.1548614908.1578092947,2020-01-04,Krasnodar,8
2949,GA1.2.1548335413.1579597490,2020-01-21,Krasnodar,8
2950,GA1.2.1547933728.1580371728,2020-01-30,Krasnodar,8
2951,GA1.2.1547908117.1578143140,2020-01-13,Krasnodar,10
2952,GA1.2.1547818655.1581232985,2020-02-16,Krasnodar,11
2953,GA1.2.1547665994.1551095780,2020-02-09,Krasnodar,10
2954,GA1.2.1546621953.1578912878,2020-01-13,Krasnodar,1
2955,GA1.2.1546450944.1578169530,2020-01-07,Krasnodar,15
2956,GA1.2.1546273769.1579897842,2020-01-24,Krasnodar,7
2957,GA1.2.1546114757.1577861012,2020-01-01,Krasnodar,4
2958,GA1.2.1545618883.1576355562,2020-01-07,Krasnodar,7
2959,GA1.2.1542307533.1570454341,2020-01-16,Krasnodar,9
2960,GA1.2.154005046.1579233760,2020-01-17,Krasnodar,7
2961,GA1.2.1540027249.1580218405,2020-01-28,Krasnodar,5
2962,GA1.2.1537731947.1571378524,2020-01-19,Krasnodar,7
2963,GA1.2.153644229.1571526669,2020-02-09,Krasnodar,10
2964,GA1.2.1536324723.1579758885,2020-01-23,Krasnodar,9
2965,GA1.2.1536202345.1578482569,2020-01-08,Krasnodar,2
2966,GA1.2.1534521350.1580462409,2020-02-11,Krasnodar,10
2967,GA1.2.1534128031.1579582101,2020-01-21,Krasnodar,10
2968,GA1.2.1533495937.1580191714,2020-01-28,Krasnodar,15
2969,GA1.2.1532752470.1558953223,2020-02-16,Krasnodar,6
2970,GA1.2.1532385649.1581077810,2020-02-07,Krasnodar,7
2971,GA1.2.1531990481.1581281139,2020-02-09,Krasnodar,7
2972,GA1.2.1531852303.1580278188,2020-01-29,Krasnodar,13
2973,GA1.2.1531611851.1579207954,2020-01-16,Krasnodar,15
2974,GA1.2.1530499834.1580485855,2020-01-31,Krasnodar,15
2975,GA1.2.1530282520.1580554497,2020-02-01,Krasnodar,10
2976,GA1.2.1529007591.1581354698,2020-02-10,Krasnodar,15
2977,GA1.2.1528455986.1579700814,2020-01-22,Krasnodar,8
2978,GA1.2.1528279003.1579169099,2020-01-16,Krasnodar,10
2979,GA1.2.1527512209.1581797301,2020-02-15,Krasnodar,13
2980,GA1.2.1525752694.1578917085,2020-01-14,Krasnodar,8
2981,GA1.2.1525746973.1578731368,2020-01-11,Krasnodar,15
2982,GA1.2.1524873039.1580287350,2020-01-29,Krasnodar,7
2983,GA1.2.1524387462.1578563742,2020-01-09,Krasnodar,15
2984,GA1.2.1523624040.1581747660,2020-02-15,Krasnodar,8
2985,GA1.2.1521990064.1580630563,2020-02-02,Krasnodar,10
2986,GA1.2.1521470328.1572193886,2020-01-19,Krasnodar,7
2987,GA1.2.1519788130.1579076459,2020-01-15,Krasnodar,15
2988,GA1.2.1519077066.1581861807,2020-02-16,Krasnodar,9
2989,GA1.2.1517139715.1580490031,2020-01-31,Krasnodar,6
2990,GA1.2.1516703481.1576830431,2020-01-12,Krasnodar,10
2991,GA1.2.1516703481.1576830431,2020-01-14,Krasnodar,9
2992,GA1.2.1516703481.1576830431,2020-02-13,Krasnodar,7
2993,GA1.2.1516336923.1579074247,2020-01-15,Krasnodar,8
2994,GA1.2.1515967392.1580574698,2020-02-01,Krasnodar,7
2995,GA1.2.1515354506.1578908125,2020-01-13,Krasnodar,15
2996,GA1.2.1511936866.1578553479,2020-01-09,Krasnodar,9
2997,GA1.2.1511154697.1579048982,2020-01-15,Krasnodar,4
2998,GA1.2.1510897355.1578569850,2020-01-09,Krasnodar,15
2999,GA1.2.150975720.1579242912,2020-01-17,Krasnodar,9
3000,GA1.2.1509500382.1577886426,2020-01-28,Krasnodar,15
3001,GA1.2.1509398109.1567138820,2020-01-17,Krasnodar,3
3002,GA1.2.1508035647.1580383381,2020-01-31,Krasnodar,3
3003,GA1.2.1505230225.1578220873,2020-01-05,Krasnodar,10
3004,GA1.2.1505192276.1577892177,2020-01-01,Krasnodar,8
3005,GA1.2.1505179152.1578072404,2020-01-05,Krasnodar,9
3006,GA1.2.1504211241.1579977661,2020-01-25,Krasnodar,7
3007,GA1.2.1503759235.1548838627,2020-01-10,Krasnodar,2
3008,GA1.2.1503759235.1548838627,2020-02-11,Krasnodar,15
3009,GA1.2.1503729999.1576751502,2020-01-25,Krasnodar,13
3010,GA1.2.1503261970.1580743702,2020-02-03,Krasnodar,7
3011,GA1.2.1502062909.1579679798,2020-01-22,Krasnodar,9
3012,GA1.2.1502062909.1579679798,2020-01-25,Krasnodar,10
3013,GA1.2.1502062909.1579679798,2020-01-25,Krasnodar,13
3014,GA1.2.1501990573.1580204403,2020-01-28,Krasnodar,15
3015,GA1.2.1501409319.1581579022,2020-02-13,Krasnodar,10
3016,GA1.2.1501235331.1579089735,2020-01-15,Krasnodar,10
3017,GA1.2.1500137667.1574691571,2020-02-04,Krasnodar,15
3018,GA1.2.1499206297.1577759395,2020-01-01,Krasnodar,10
3019,GA1.2.1498497863.1579685750,2020-01-22,Krasnodar,8
3020,GA1.2.1498464163.1578979259,2020-01-14,Krasnodar,7
3021,GA1.2.1496079944.1579934658,2020-01-25,Krasnodar,10
3022,GA1.2.1495858025.1581353843,2020-02-10,Krasnodar,4
3023,GA1.2.1495351258.1579439505,2020-01-19,Krasnodar,4
3024,GA1.2.1495233470.1581419172,2020-02-11,Krasnodar,10
3025,GA1.2.1495088261.1581763662,2020-02-15,Krasnodar,7
3026,GA1.2.1494632904.1581423849,2020-02-11,Krasnodar,7
3027,GA1.2.149404271.1576134854,2020-01-17,Krasnodar,9
3028,GA1.2.1493594480.1581526939,2020-02-12,Krasnodar,8
3029,GA1.2.1493022584.1581940022,2020-02-17,Krasnodar,7
3030,GA1.2.1492129017.1575525249,2020-01-03,Krasnodar,12
3031,GA1.2.1492129017.1575525249,2020-01-11,Krasnodar,9
3032,GA1.2.1492129017.1575525249,2020-02-03,Krasnodar,7
3033,GA1.2.1491999504.1581342038,2020-02-10,Krasnodar,7
3034,GA1.2.1491999504.1581342038,2020-02-15,Krasnodar,10
3035,GA1.2.1491577889.1580470058,2020-01-31,Krasnodar,10
3036,GA1.2.1490650087.1580661303,2020-02-02,Krasnodar,15
3037,GA1.2.1489591170.1580198025,2020-01-28,Krasnodar,10
3038,GA1.2.1488912635.1580194016,2020-01-28,Krasnodar,10
3039,GA1.2.1487213044.1579023373,2020-01-14,Krasnodar,8
3040,GA1.2.1486809906.1580133259,2020-01-27,Krasnodar,4
3041,GA1.2.1486079668.1580763023,2020-02-03,Krasnodar,15
3042,GA1.2.1485126518.1578115608,2020-02-13,Krasnodar,7
3043,GA1.2.1484774965.1579430798,2020-01-19,Krasnodar,10
3044,GA1.2.1484708850.1579880759,2020-01-24,Krasnodar,8
3045,GA1.2.1483656216.1581101495,2020-02-07,Krasnodar,10
3046,GA1.2.1483194385.1578152415,2020-01-15,Krasnodar,11
3047,GA1.2.1482948674.1576793686,2020-01-04,Krasnodar,8
3048,GA1.2.1482948674.1576793686,2020-01-20,Krasnodar,13
3049,GA1.2.1482684006.1581060998,2020-02-07,Krasnodar,4
3050,GA1.2.1482335798.1575962997,2020-01-07,Krasnodar,15
3051,GA1.2.1480469978.1580790812,2020-02-04,Krasnodar,10
3052,GA1.2.148014779.1577710334,2020-01-30,Krasnodar,7
3053,GA1.2.1479686929.1581795415,2020-02-15,Krasnodar,4
3054,GA1.2.14796305.1580042579,2020-01-26,Krasnodar,2
3055,GA1.2.1479507845.1580724547,2020-02-12,Krasnodar,15
3056,GA1.2.1479438194.1575478735,2020-01-25,Krasnodar,10
3057,GA1.2.1477954429.1581574575,2020-02-13,Krasnodar,7
3058,GA1.2.1477896119.1581842620,2020-02-16,Krasnodar,15
3059,GA1.2.1477874852.1579372313,2020-01-18,Krasnodar,10
3060,GA1.2.1475743296.1580118567,2020-01-27,Krasnodar,15
3061,GA1.2.147521826.1578420277,2020-01-07,Krasnodar,10
3062,GA1.2.1474211201.1577648392,2020-01-10,Krasnodar,8
3063,GA1.2.1474211201.1577648392,2020-02-15,Krasnodar,10
3064,GA1.2.1473246136.1578393144,2020-01-07,Krasnodar,13
3065,GA1.2.1471868709.1580922127,2020-02-05,Krasnodar,10
3066,GA1.2.1471417564.1579163079,2020-01-16,Krasnodar,8
3067,GA1.2.1471169646.1581182762,2020-02-08,Krasnodar,13
3068,GA1.2.1468712300.1580191980,2020-01-28,Krasnodar,9
3069,GA1.2.1468285923.1578685314,2020-01-10,Krasnodar,7
3070,GA1.2.1467567725.1579589863,2020-01-21,Krasnodar,4
3071,GA1.2.146737585.1581934153,2020-02-17,Krasnodar,10
3072,GA1.2.1465557620.1578163552,2020-01-04,Krasnodar,6
3073,GA1.2.1465187391.1577163906,2020-01-17,Krasnodar,7
3074,GA1.2.1464762271.1573680720,2020-01-24,Krasnodar,7
3075,GA1.2.1463810163.1578504738,2020-01-08,Krasnodar,15
3076,GA1.2.1460730959.1578575562,2020-01-09,Krasnodar,3
3077,GA1.2.1460226285.1555128159,2020-02-09,Krasnodar,15
3078,GA1.2.1457718587.1578143403,2020-01-04,Krasnodar,4
3079,GA1.2.1457523087.1563270163,2020-02-05,Krasnodar,1
3080,GA1.2.1457166225.1581316914,2020-02-10,Krasnodar,8
3081,GA1.2.1456751424.1581263409,2020-02-13,Krasnodar,9
3082,GA1.2.1456393095.1579672017,2020-01-22,Krasnodar,10
3083,GA1.2.1456320296.1580989320,2020-02-10,Krasnodar,15
3084,GA1.2.145629086.1579071826,2020-01-15,Krasnodar,10
3085,GA1.2.1454578262.1578061469,2020-01-03,Krasnodar,14
3086,GA1.2.1453805514.1578846603,2020-01-16,Krasnodar,15
3087,GA1.2.1453591032.1578040471,2020-01-26,Krasnodar,7
3088,GA1.2.1453591032.1578040471,2020-02-01,Krasnodar,8
3089,GA1.2.1450389445.1581760028,2020-02-15,Krasnodar,9
3090,GA1.2.1450021941.1580548662,2020-02-01,Krasnodar,10
3091,GA1.2.1447662257.1580590162,2020-02-01,Krasnodar,9
3092,GA1.2.1446483651.1581495163,2020-02-12,Krasnodar,15
3093,GA1.2.1446343566.1580203205,2020-01-28,Krasnodar,8
3094,GA1.2.1444078858.1574511718,2020-02-01,Krasnodar,10
3095,GA1.2.1443919415.1578509362,2020-01-08,Krasnodar,10
3096,GA1.2.1441839761.1579707036,2020-01-22,Krasnodar,15
3097,GA1.2.1441758269.1580742524,2020-02-03,Krasnodar,6
3098,GA1.2.1440487374.1580576595,2020-02-01,Krasnodar,8
3099,GA1.2.1440238289.1577617774,2020-01-13,Krasnodar,10
3100,GA1.2.1439701166.1577116344,2020-02-01,Krasnodar,15
3101,GA1.2.1439646679.1580539431,2020-02-01,Krasnodar,5
3102,GA1.2.1436633390.1577766684,2020-01-03,Krasnodar,13
3103,GA1.2.1436501488.1581226500,2020-02-13,Krasnodar,7
3104,GA1.2.1435542105.1579767336,2020-01-23,Krasnodar,8
3105,GA1.2.1434085013.1573857896,2020-01-14,Krasnodar,10
3106,GA1.2.1434003765.1580470431,2020-01-31,Krasnodar,12
3107,GA1.2.1433541146.1578991073,2020-01-14,Krasnodar,7
3108,GA1.2.1433448573.1577911742,2020-01-01,Krasnodar,15
3109,GA1.2.1430775205.1569608772,2020-01-04,Krasnodar,1
3110,GA1.2.142939728.1581760345,2020-02-15,Krasnodar,7
3111,GA1.2.1428977255.1579576931,2020-01-21,Krasnodar,8
3112,GA1.2.1428258936.1578055762,2020-01-03,Krasnodar,9
3113,GA1.2.1426651026.1565109108,2020-02-05,Krasnodar,7
3114,GA1.2.1425510537.1579388664,2020-01-29,Krasnodar,7
3115,GA1.2.1425510537.1579388664,2020-02-17,Krasnodar,2
3116,GA1.2.1425394667.1580112242,2020-01-27,Krasnodar,15
3117,GA1.2.1424502672.1580886992,2020-02-05,Krasnodar,7
3118,GA1.2.1423288960.1578494541,2020-01-08,Krasnodar,13
3119,GA1.2.1423083583.1580733942,2020-02-03,Krasnodar,9
3120,GA1.2.1422904339.1579115866,2020-01-18,Krasnodar,9
3121,GA1.2.1421764815.1538116663,2020-01-31,Krasnodar,9
3122,GA1.2.1421026715.1578399363,2020-01-07,Krasnodar,8
3123,GA1.2.1418392506.1580421470,2020-01-31,Krasnodar,9
3124,GA1.2.1417248292.1579524405,2020-01-20,Krasnodar,2
3125,GA1.2.1415264265.1581936190,2020-02-17,Krasnodar,9
3126,GA1.2.1415130657.1578899891,2020-02-12,Krasnodar,4
3127,GA1.2.1414963514.1577198366,2020-01-06,Krasnodar,13
3128,GA1.2.1413993976.1580291675,2020-01-29,Krasnodar,15
3129,GA1.2.1413111828.1578912610,2020-01-31,Krasnodar,10
3130,GA1.2.1411410635.1578152603,2020-01-04,Krasnodar,15
3131,GA1.2.1411086784.1578325467,2020-01-06,Krasnodar,7
3132,GA1.2.1408873669.1581242875,2020-02-09,Krasnodar,8
3133,GA1.2.1408345100.1577353472,2020-01-05,Krasnodar,8
3134,GA1.2.1408345100.1577353472,2020-01-06,Krasnodar,15
3135,GA1.2.1408138179.1581722053,2020-02-15,Krasnodar,9
3136,GA1.2.1407312432.1578406946,2020-01-28,Krasnodar,10
3137,GA1.2.1407110976.1579793370,2020-01-23,Krasnodar,12
3138,GA1.2.1407008694.1581875809,2020-02-16,Krasnodar,15
3139,GA1.2.1406262965.1576860300,2020-01-16,Krasnodar,8
3140,GA1.2.1404335090.1578070800,2020-01-04,Krasnodar,10
3141,GA1.2.1402283155.1580907872,2020-02-05,Krasnodar,10
3142,GA1.2.1402283155.1580907872,2020-02-06,Krasnodar,7
3143,GA1.2.1401959755.1578858037,2020-01-12,Krasnodar,13
3144,GA1.2.140187157.1581615903,2020-02-13,Krasnodar,9
3145,GA1.2.1401838853.1578839835,2020-02-08,Krasnodar,4
3146,GA1.2.1401568798.1581837004,2020-02-16,Krasnodar,7
3147,GA1.2.1401001528.1578573450,2020-01-09,Krasnodar,10
3148,GA1.2.140081724.1579605997,2020-01-21,Krasnodar,8
3149,GA1.2.1400064447.1580144466,2020-01-27,Krasnodar,15
3150,GA1.2.1398836333.1579932369,2020-01-25,Krasnodar,10
3151,GA1.2.1398707175.1577957327,2020-01-02,Krasnodar,10
3152,GA1.2.1398415921.1581943174,2020-02-17,Krasnodar,15
3153,GA1.2.139703178.1579805054,2020-01-25,Krasnodar,15
3154,GA1.2.1396747801.1556466596,2020-02-11,Krasnodar,9
3155,GA1.2.139601624.1577999579,2020-01-03,Krasnodar,4
3156,GA1.2.1395079615.1580762008,2020-02-03,Krasnodar,8
3157,GA1.2.139427955.1580413941,2020-01-30,Krasnodar,15
3158,GA1.2.1392506985.1578169055,2020-01-04,Krasnodar,8
3159,GA1.2.1392506985.1578169055,2020-01-04,Krasnodar,12
3160,GA1.2.1391136980.1580791149,2020-02-04,Krasnodar,7
3161,GA1.2.1391033737.1579608723,2020-01-21,Krasnodar,9
3162,GA1.2.1389507966.1577310431,2020-01-06,Krasnodar,13
3163,GA1.2.1389188473.1579014500,2020-01-15,Krasnodar,7
3164,GA1.2.1387428181.1549013774,2020-02-02,Krasnodar,10
3165,GA1.2.1386490142.1580668782,2020-02-02,Krasnodar,13
3166,GA1.2.1386459916.1578286425,2020-01-08,Krasnodar,4
3167,GA1.2.1386278103.1575480462,2020-02-01,Krasnodar,10
3168,GA1.2.138558508.1580823037,2020-02-04,Krasnodar,10
3169,GA1.2.1385528720.1578503330,2020-01-08,Krasnodar,7
3170,GA1.2.1383472641.1578599440,2020-01-09,Krasnodar,14
3171,GA1.2.1382994210.1580729910,2020-02-03,Krasnodar,10
3172,GA1.2.138242525.1574308571,2020-01-19,Krasnodar,7
3173,GA1.2.137986704.1579362333,2020-01-18,Krasnodar,10
3174,GA1.2.1378885877.1580989217,2020-02-08,Krasnodar,7
3175,GA1.2.1378730752.1579203425,2020-01-16,Krasnodar,8
3176,GA1.2.1378159081.1579075374,2020-01-15,Krasnodar,13
3177,GA1.2.1375980262.1578672432,2020-01-10,Krasnodar,10
3178,GA1.2.1375914776.1579371172,2020-01-18,Krasnodar,10
3179,GA1.2.1374765164.1578079795,2020-01-03,Krasnodar,9
3180,GA1.2.1373606417.1579376364,2020-01-18,Krasnodar,10
3181,GA1.2.1369557408.1579719781,2020-01-22,Krasnodar,4
3182,GA1.2.136950730.1578583176,2020-01-11,Krasnodar,6
3183,GA1.2.1369454565.1578346674,2020-01-07,Krasnodar,7
3184,GA1.2.1369454565.1578346674,2020-02-01,Krasnodar,9
3185,GA1.2.1369402500.1580813633,2020-02-04,Krasnodar,8
3186,GA1.2.1367676824.1573493972,2020-01-15,Krasnodar,5
3187,GA1.2.1364506880.1580545597,2020-02-02,Krasnodar,8
3188,GA1.2.1364506880.1580545597,2020-02-02,Krasnodar,4
3189,GA1.2.1363584261.1581702951,2020-02-14,Krasnodar,9
3190,GA1.2.1362102149.1578059005,2020-01-07,Krasnodar,8
3191,GA1.2.1360361328.1579928236,2020-01-25,Krasnodar,2
3192,GA1.2.1358094656.1579640148,2020-01-21,Krasnodar,10
3193,GA1.2.1357155715.1579679505,2020-01-22,Krasnodar,9
3194,GA1.2.1356617146.1581264250,2020-02-09,Krasnodar,4
3195,GA1.2.1353861357.1580309201,2020-01-29,Krasnodar,11
3196,GA1.2.1353769472.1581667225,2020-02-14,Krasnodar,5
3197,GA1.2.135309988.1579590483,2020-02-04,Krasnodar,1
3198,GA1.2.134896497.1580674769,2020-02-02,Krasnodar,13
3199,GA1.2.1347769911.1578739293,2020-01-11,Krasnodar,10
3200,GA1.2.1347756788.1559834903,2020-02-13,Krasnodar,5
3201,GA1.2.1347189337.1574189593,2020-01-09,Krasnodar,15
3202,GA1.2.1346984473.1579790790,2020-01-23,Krasnodar,8
3203,GA1.2.1346544412.1580122926,2020-01-27,Krasnodar,2
3204,GA1.2.1346046416.1579720494,2020-01-22,Krasnodar,7
3205,GA1.2.1343591069.1581092719,2020-02-10,Krasnodar,13
3206,GA1.2.1343486507.1573201875,2020-01-14,Krasnodar,6
3207,GA1.2.1342623946.1579720062,2020-01-22,Krasnodar,8
3208,GA1.2.1340941479.1581934368,2020-02-17,Krasnodar,7
3209,GA1.2.1339310120.1580401901,2020-01-30,Krasnodar,9
3210,GA1.2.1338195817.1580410526,2020-02-04,Krasnodar,10
3211,GA1.2.133713709.1580883394,2020-02-05,Krasnodar,7
3212,GA1.2.1335492226.1580494692,2020-01-31,Krasnodar,9
3213,GA1.2.1335282932.1580551145,2020-02-01,Krasnodar,15
3214,GA1.2.1334849749.1578859788,2020-01-12,Krasnodar,10
3215,GA1.2.1332760725.1579891274,2020-01-24,Krasnodar,9
3216,GA1.2.133235573.1579944404,2020-01-25,Krasnodar,10
3217,GA1.2.1331736584.1579948553,2020-01-25,Krasnodar,15
3218,GA1.2.1330963729.1570303571,2020-01-21,Krasnodar,5
3219,GA1.2.1329787820.1581342438,2020-02-10,Krasnodar,13
3220,GA1.2.132944046.1578414277,2020-01-27,Krasnodar,5
3221,GA1.2.132944046.1578414277,2020-02-10,Krasnodar,8
3222,GA1.2.1328901402.1580386955,2020-01-30,Krasnodar,9
3223,GA1.2.1328582351.1578257353,2020-01-05,Krasnodar,10
3224,GA1.2.1328401393.1580799701,2020-02-04,Krasnodar,7
3225,GA1.2.1327344125.1579409573,2020-01-19,Krasnodar,10
3226,GA1.2.1323965007.1578555239,2020-01-09,Krasnodar,4
3227,GA1.2.1323541240.1573755682,2020-02-01,Krasnodar,10
3228,GA1.2.1321902221.1578753995,2020-01-11,Krasnodar,10
3229,GA1.2.1319825817.1580897942,2020-02-05,Krasnodar,10
3230,GA1.2.1319611873.1578753610,2020-01-11,Krasnodar,10
3231,GA1.2.1319252071.1579816653,2020-01-24,Krasnodar,6
3232,GA1.2.1317286362.1573102802,2020-01-11,Krasnodar,10
3233,GA1.2.1315217582.1581530158,2020-02-14,Krasnodar,5
3234,GA1.2.1314732270.1554473934,2020-01-25,Krasnodar,8
3235,GA1.2.1313407812.1580767965,2020-02-04,Krasnodar,9
3236,GA1.2.1309938745.1580200435,2020-01-28,Krasnodar,10
3237,GA1.2.1308676296.1579431594,2020-01-19,Krasnodar,7
3238,GA1.2.1307777513.1579190120,2020-01-16,Krasnodar,10
3239,GA1.2.1306848735.1581417249,2020-02-11,Krasnodar,15
3240,GA1.2.1305806060.1580142420,2020-01-27,Krasnodar,5
3241,GA1.2.1305424640.1579728192,2020-01-23,Krasnodar,8
3242,GA1.2.1305400203.1579456954,2020-01-19,Krasnodar,11
3243,GA1.2.1305388866.1580587100,2020-02-01,Krasnodar,15
3244,GA1.2.1304187223.1576877881,2020-01-03,Krasnodar,9
3245,GA1.2.1304041985.1578236348,2020-01-05,Krasnodar,10
3246,GA1.2.1303357165.1578135473,2020-01-04,Krasnodar,8
3247,GA1.2.1302360007.1580412403,2020-02-11,Krasnodar,9
3248,GA1.2.1302254972.1581188576,2020-02-10,Krasnodar,10
3249,GA1.2.1301565393.1580759677,2020-02-03,Krasnodar,10
3250,GA1.2.1299447711.1580671967,2020-02-02,Krasnodar,15
3251,GA1.2.1299222995.1578118802,2020-01-04,Krasnodar,15
3252,GA1.2.1298238489.1580365089,2020-01-30,Krasnodar,7
3253,GA1.2.1298186851.1581052588,2020-02-07,Krasnodar,9
3254,GA1.2.1296757652.1578367011,2020-01-07,Krasnodar,8
3255,GA1.2.1295956116.1579621177,2020-01-21,Krasnodar,13
3256,GA1.2.1295591464.1581612711,2020-02-13,Krasnodar,6
3257,GA1.2.1294159097.1579668097,2020-01-22,Krasnodar,10
3258,GA1.2.1292833485.1578632505,2020-01-10,Krasnodar,8
3259,GA1.2.1292797775.1580640358,2020-02-02,Krasnodar,11
3260,GA1.2.1292330877.1578408745,2020-02-09,Krasnodar,15
3261,GA1.2.1292249210.1578041037,2020-01-03,Krasnodar,10
3262,GA1.2.1291765732.1581399397,2020-02-11,Krasnodar,10
3263,GA1.2.1290549884.1580208754,2020-01-28,Krasnodar,10
3264,GA1.2.1290483656.1577568602,2020-02-03,Krasnodar,8
3265,GA1.2.1289642621.1578771046,2020-01-11,Krasnodar,8
3266,GA1.2.1289642621.1578771046,2020-01-11,Krasnodar,13
3267,GA1.2.1287966710.1581672759,2020-02-14,Krasnodar,13
3268,GA1.2.128759645.1565537835,2020-01-03,Krasnodar,15
3269,GA1.2.1287517741.1580642736,2020-02-02,Krasnodar,9
3270,GA1.2.1287318005.1581355280,2020-02-10,Krasnodar,7
3271,GA1.2.1287070555.1579756178,2020-01-23,Krasnodar,4
3272,GA1.2.1286312081.1581181180,2020-02-09,Krasnodar,8
3273,GA1.2.1286040195.1577975904,2020-01-02,Krasnodar,3
3274,GA1.2.1284503895.1578978501,2020-01-14,Krasnodar,9
3275,GA1.2.1283737567.1581600070,2020-02-13,Krasnodar,13
3276,GA1.2.128306642.1579680463,2020-01-22,Krasnodar,9
3277,GA1.2.1282819720.1576985921,2020-01-25,Krasnodar,9
3278,GA1.2.1282474377.1579075781,2020-01-31,Krasnodar,9
3279,GA1.2.1281487224.1580582654,2020-02-01,Krasnodar,10
3280,GA1.2.1279611408.1580873998,2020-02-06,Krasnodar,9
3281,GA1.2.1278835554.1579780839,2020-01-23,Krasnodar,4
3282,GA1.2.1277937467.1571668765,2020-01-26,Krasnodar,10
3283,GA1.2.1277591074.1580901832,2020-02-05,Krasnodar,15
3284,GA1.2.1277394346.1579626962,2020-02-02,Krasnodar,13
3285,GA1.2.1276451980.1579080483,2020-02-12,Krasnodar,13
3286,GA1.2.1274334793.1580478354,2020-02-01,Krasnodar,7
3287,GA1.2.1274150213.1579940563,2020-01-25,Krasnodar,6
3288,GA1.2.1273092794.1579294522,2020-01-17,Krasnodar,9
3289,GA1.2.1272281320.1580919924,2020-02-09,Krasnodar,7
3290,GA1.2.1271460435.1581754022,2020-02-15,Krasnodar,13
3291,GA1.2.1271085173.1481811247,2020-02-03,Krasnodar,12
3292,GA1.2.1264247647.1578565444,2020-01-09,Krasnodar,10
3293,GA1.2.1263531000.1574930941,2020-01-20,Krasnodar,3
3294,GA1.2.1262415115.1580133865,2020-01-30,Krasnodar,13
3295,GA1.2.1262212015.1580926233,2020-02-05,Krasnodar,12
3296,GA1.2.1261721367.1581497147,2020-02-12,Krasnodar,10
3297,GA1.2.1261050066.1581169219,2020-02-08,Krasnodar,9
3298,GA1.2.12602354.1579781652,2020-01-23,Krasnodar,10
3299,GA1.2.1260218782.1581951930,2020-02-17,Krasnodar,8
3300,GA1.2.1259158096.1579114194,2020-01-15,Krasnodar,10
3301,GA1.2.125785237.1578380302,2020-01-07,Krasnodar,4
3302,GA1.2.1256973207.1580729136,2020-02-03,Krasnodar,9
3303,GA1.2.1256911691.1580421924,2020-01-31,Krasnodar,9
3304,GA1.2.1256911691.1580421924,2020-02-08,Krasnodar,8
3305,GA1.2.1256911691.1580421924,2020-02-10,Krasnodar,7
3306,GA1.2.1256227630.1579513874,2020-01-20,Krasnodar,5
3307,GA1.2.1255889265.1580116759,2020-01-27,Krasnodar,15
3308,GA1.2.1254884937.1578726544,2020-01-11,Krasnodar,8
3309,GA1.2.1252711552.1580468578,2020-02-13,Krasnodar,12
3310,GA1.2.1251835339.1579525022,2020-01-20,Krasnodar,10
3311,GA1.2.1250018313.1579872816,2020-01-24,Krasnodar,6
3312,GA1.2.1249097580.1578555845,2020-01-09,Krasnodar,7
3313,GA1.2.1249097580.1578555845,2020-01-09,Krasnodar,3
3314,GA1.2.1249081708.1581004827,2020-02-08,Krasnodar,10
3315,GA1.2.1247180307.1578515664,2020-01-08,Krasnodar,10
3316,GA1.2.1244832150.1579035241,2020-01-14,Krasnodar,10
3317,GA1.2.1244317610.1581265929,2020-02-09,Krasnodar,13
3318,GA1.2.1244278208.1574001207,2020-01-06,Krasnodar,15
3319,GA1.2.1243585463.1580846988,2020-02-08,Krasnodar,8
3320,GA1.2.1243310025.1581406791,2020-02-11,Krasnodar,13
3321,GA1.2.1241280540.1579036189,2020-02-10,Krasnodar,10
3322,GA1.2.1240027332.1579539205,2020-02-14,Krasnodar,7
3323,GA1.2.1239672577.1581251032,2020-02-09,Krasnodar,15
3324,GA1.2.1238962025.1580753140,2020-02-04,Krasnodar,15
3325,GA1.2.1238727190.1578385315,2020-01-07,Krasnodar,7
3326,GA1.2.1238278103.1576085059,2020-01-21,Krasnodar,11
3327,GA1.2.1237690790.1580301496,2020-01-29,Krasnodar,7
3328,GA1.2.1236060261.1579184992,2020-01-16,Krasnodar,15
3329,GA1.2.1236005971.1580211010,2020-01-28,Krasnodar,10
3330,GA1.2.1235801328.1581282691,2020-02-10,Krasnodar,9
3331,GA1.2.1235304045.1577382000,2020-01-17,Krasnodar,9
3332,GA1.2.1233536115.1576984062,2020-01-16,Krasnodar,8
3333,GA1.2.1232909247.1581774153,2020-02-15,Krasnodar,7
3334,GA1.2.1232852220.1579629984,2020-01-21,Krasnodar,10
3335,GA1.2.1229680919.1578056833,2020-01-03,Krasnodar,10
3336,GA1.2.1229680919.1578056833,2020-01-05,Krasnodar,15
3337,GA1.2.1229680919.1578056833,2020-01-07,Krasnodar,10
3338,GA1.2.1229680919.1578056833,2020-01-07,Krasnodar,15
3339,GA1.2.1228914150.1578251219,2020-01-05,Krasnodar,10
3340,GA1.2.1227484344.1581098506,2020-02-07,Krasnodar,13
3341,GA1.2.1226463261.1578982344,2020-01-14,Krasnodar,8
3342,GA1.2.1224919749.1581915635,2020-02-17,Krasnodar,13
3343,GA1.2.1224903669.1578918213,2020-01-18,Krasnodar,9
3344,GA1.2.1221569708.1577765084,2020-01-03,Krasnodar,7
3345,GA1.2.1221569708.1577765084,2020-01-09,Krasnodar,8
3346,GA1.2.1221569708.1577765084,2020-01-13,Krasnodar,1
3347,GA1.2.1221569708.1577765084,2020-02-07,Krasnodar,1
3348,GA1.2.1220819553.1580550491,2020-02-01,Krasnodar,7
3349,GA1.2.1220451857.1576879582,2020-01-11,Krasnodar,13
3350,GA1.2.1220451857.1576879582,2020-01-19,Krasnodar,13
3351,GA1.2.1220344654.1577130920,2020-01-01,Krasnodar,10
3352,GA1.2.1220031014.1579922670,2020-01-28,Krasnodar,15
3353,GA1.2.1219477153.1564855128,2020-01-14,Krasnodar,12
3354,GA1.2.1219276921.1579518967,2020-01-20,Krasnodar,8
3355,GA1.2.1218714818.1581454571,2020-02-11,Krasnodar,15
3356,GA1.2.1216474367.1576835431,2020-02-16,Krasnodar,10
3357,GA1.2.1215546505.1579517495,2020-01-20,Krasnodar,9
3358,GA1.2.1215075782.1580831050,2020-02-04,Krasnodar,9
3359,GA1.2.1214930106.1579972059,2020-01-25,Krasnodar,7
3360,GA1.2.1213361690.1580491683,2020-02-08,Krasnodar,10
3361,GA1.2.1212892091.1572892169,2020-02-16,Krasnodar,5
3362,GA1.2.1212767853.1579620073,2020-01-21,Krasnodar,6
3363,GA1.2.1212189079.1581108365,2020-02-07,Krasnodar,15
3364,GA1.2.1211916949.1578139085,2020-01-04,Krasnodar,10
3365,GA1.2.1207162318.1578131084,2020-01-09,Krasnodar,7
3366,GA1.2.1207162318.1578131084,2020-01-10,Krasnodar,12
3367,GA1.2.1206934559.1578375496,2020-01-07,Krasnodar,15
3368,GA1.2.1206720863.1580753507,2020-02-03,Krasnodar,7
3369,GA1.2.120390365.1578925208,2020-01-31,Krasnodar,5
3370,GA1.2.1201194074.1580403098,2020-01-31,Krasnodar,8
3371,GA1.2.1200215085.1581505685,2020-02-12,Krasnodar,4
3372,GA1.2.120011643.1578156536,2020-01-04,Krasnodar,7
3373,GA1.2.1199352576.1577475612,2020-02-04,Krasnodar,10
3374,GA1.2.1198677408.1579020042,2020-01-31,Krasnodar,2
3375,GA1.2.1198059547.1580203085,2020-02-03,Krasnodar,13
3376,GA1.2.1196403763.1578751181,2020-02-01,Krasnodar,9
3377,GA1.2.1195386009.1581539662,2020-02-12,Krasnodar,4
3378,GA1.2.119401110.1581106691,2020-02-07,Krasnodar,15
3379,GA1.2.1191552854.1581184852,2020-02-08,Krasnodar,10
3380,GA1.2.1191180151.1572274671,2020-02-01,Krasnodar,7
3381,GA1.2.1190913431.1581358573,2020-02-10,Krasnodar,8
3382,GA1.2.1190417996.1581159108,2020-02-08,Krasnodar,8
3383,GA1.2.1189848830.1580550245,2020-02-01,Krasnodar,10
3384,GA1.2.1189321654.1579417652,2020-01-19,Krasnodar,8
3385,GA1.2.1188834242.1564393063,2020-02-06,Krasnodar,7
3386,GA1.2.1188458014.1576210224,2020-01-18,Krasnodar,7
3387,GA1.2.1188458014.1576210224,2020-01-18,Krasnodar,7
3388,GA1.2.1188458014.1576210224,2020-02-03,Krasnodar,7
3389,GA1.2.1188458014.1576210224,2020-02-06,Krasnodar,11
3390,GA1.2.1188458014.1576210224,2020-02-08,Krasnodar,12
3391,GA1.2.1188385584.1581233664,2020-02-09,Krasnodar,10
3392,GA1.2.118822796.1581362670,2020-02-10,Krasnodar,8
3393,GA1.2.1186529176.1580421734,2020-01-31,Krasnodar,7
3394,GA1.2.1184948831.1580806772,2020-02-04,Krasnodar,10
3395,GA1.2.1183794929.1580282692,2020-01-29,Krasnodar,9
3396,GA1.2.1179543113.1581417389,2020-02-11,Krasnodar,7
3397,GA1.2.1179320079.1535658139,2020-01-30,Krasnodar,10
3398,GA1.2.1178848133.1579008103,2020-01-14,Krasnodar,8
3399,GA1.2.1178383497.1581467184,2020-02-12,Krasnodar,8
3400,GA1.2.1176773415.1578906649,2020-01-13,Krasnodar,10
3401,GA1.2.1175803049.1579351927,2020-02-09,Krasnodar,9
3402,GA1.2.1174837103.1577088406,2020-02-03,Krasnodar,10
3403,GA1.2.1173783705.1578007266,2020-01-03,Krasnodar,12
3404,GA1.2.11726801.1581928256,2020-02-17,Krasnodar,7
3405,GA1.2.1172122262.1580163630,2020-01-28,Krasnodar,4
3406,GA1.2.1172084582.1578586777,2020-01-09,Krasnodar,13
3407,GA1.2.116984409.1581225301,2020-02-11,Krasnodar,8
3408,GA1.2.116583989.1578251477,2020-01-05,Krasnodar,13
3409,GA1.2.1164715984.1510049158,2020-01-23,Krasnodar,15
3410,GA1.2.1164574145.1581176144,2020-02-08,Krasnodar,9
3411,GA1.2.1164574145.1581176144,2020-02-08,Krasnodar,13
3412,GA1.2.1163835904.1580850146,2020-02-05,Krasnodar,10
3413,GA1.2.1163269814.1576934881,2020-02-05,Krasnodar,15
3414,GA1.2.1162520362.1577427324,2020-01-31,Krasnodar,5
3415,GA1.2.1162055530.1578728677,2020-01-11,Krasnodar,9
3416,GA1.2.1160930632.1577229973,2020-01-17,Krasnodar,9
3417,GA1.2.1160632629.1581587390,2020-02-13,Krasnodar,15
3418,GA1.2.1159938367.1577881642,2020-01-01,Krasnodar,15
3419,GA1.2.1159938367.1577881642,2020-01-01,Krasnodar,12
3420,GA1.2.1157793352.1578344727,2020-01-07,Krasnodar,8
3421,GA1.2.1155960595.1578498882,2020-01-08,Krasnodar,15
3422,GA1.2.1155930130.1578558875,2020-01-09,Krasnodar,10
3423,GA1.2.1155713605.1581739624,2020-02-15,Krasnodar,8
3424,GA1.2.1154343402.1561357604,2020-01-10,Krasnodar,10
3425,GA1.2.1153976629.1577751636,2020-01-02,Krasnodar,10
3426,GA1.2.1153442623.1578473562,2020-01-08,Krasnodar,15
3427,GA1.2.1152818543.1580112313,2020-01-27,Krasnodar,15
3428,GA1.2.1150885469.1578865547,2020-01-13,Krasnodar,7
3429,GA1.2.1149335499.1581609431,2020-02-13,Krasnodar,15
3430,GA1.2.1148665008.1578253809,2020-01-05,Krasnodar,8
3431,GA1.2.114865995.1578844559,2020-01-12,Krasnodar,10
3432,GA1.2.1147410625.1577066083,2020-01-15,Krasnodar,8
3433,GA1.2.1144198826.1545052134,2020-02-04,Krasnodar,10
3434,GA1.2.1142767591.1579108883,2020-01-15,Krasnodar,15
3435,GA1.2.1142190117.1579804503,2020-01-24,Krasnodar,12
3436,GA1.2.1142132408.1581060528,2020-02-07,Krasnodar,7
3437,GA1.2.1140381284.1581849052,2020-02-16,Krasnodar,9
3438,GA1.2.113831130.1580902427,2020-02-05,Krasnodar,15
3439,GA1.2.1137173689.1579951777,2020-01-27,Krasnodar,5
3440,GA1.2.1136385512.1579894555,2020-01-26,Krasnodar,7
3441,GA1.2.1134972418.1580475579,2020-01-31,Krasnodar,10
3442,GA1.2.1134020796.1579174839,2020-01-16,Krasnodar,7
3443,GA1.2.1133872009.1580925812,2020-02-05,Krasnodar,10
3444,GA1.2.1133781374.1579698153,2020-01-22,Krasnodar,8
3445,GA1.2.1130604301.1578375443,2020-01-07,Krasnodar,15
3446,GA1.2.1126968820.1578089335,2020-01-04,Krasnodar,10
3447,GA1.2.1124900444.1578661227,2020-01-10,Krasnodar,9
3448,GA1.2.112470691.1579259632,2020-01-20,Krasnodar,8
3449,GA1.2.112363623.1577044783,2020-01-06,Krasnodar,7
3450,GA1.2.1122332998.1579873109,2020-01-24,Krasnodar,10
3451,GA1.2.1122331702.1581051815,2020-02-07,Krasnodar,8
3452,GA1.2.1122314761.1578819071,2020-01-12,Krasnodar,8
3453,GA1.2.1121944807.1579864649,2020-01-24,Krasnodar,8
3454,GA1.2.1121197279.1578635858,2020-01-10,Krasnodar,15
3455,GA1.2.1121026219.1579256225,2020-01-22,Krasnodar,15
3456,GA1.2.111750470.1579334471,2020-01-18,Krasnodar,9
3457,GA1.2.1114361998.1581446486,2020-02-11,Krasnodar,2
3458,GA1.2.1112343413.1573632626,2020-01-06,Krasnodar,7
3459,GA1.2.111200216.1580819658,2020-02-04,Krasnodar,10
3460,GA1.2.1111739815.1578784855,2020-01-12,Krasnodar,15
3461,GA1.2.1111089733.1580363384,2020-01-30,Krasnodar,15
3462,GA1.2.1110773342.1577125665,2020-01-06,Krasnodar,5
3463,GA1.2.1110765237.1581099614,2020-02-07,Krasnodar,1
3464,GA1.2.1108858556.1580412005,2020-01-30,Krasnodar,8
3465,GA1.2.1107903464.1581668383,2020-02-14,Krasnodar,12
3466,GA1.2.1107540672.1581231127,2020-02-09,Krasnodar,10
3467,GA1.2.1105464143.1579003184,2020-01-14,Krasnodar,10
3468,GA1.2.1105375297.1578778811,2020-01-12,Krasnodar,4
3469,GA1.2.1105375297.1578778811,2020-01-12,Krasnodar,13
3470,GA1.2.1104692281.1581562906,2020-02-13,Krasnodar,3
3471,GA1.2.1103634443.1579345048,2020-01-18,Krasnodar,15
3472,GA1.2.1103537115.1580826417,2020-02-04,Krasnodar,7
3473,GA1.2.1103463275.1581228094,2020-02-09,Krasnodar,10
3474,GA1.2.1103136389.1564338948,2020-01-26,Krasnodar,8
3475,GA1.2.1102323706.1577607457,2020-01-12,Krasnodar,8
3476,GA1.2.1101225914.1577478273,2020-01-18,Krasnodar,2
3477,GA1.2.1099857535.1578888873,2020-01-13,Krasnodar,8
3478,GA1.2.1099553814.1579862932,2020-01-24,Krasnodar,15
3479,GA1.2.1098882652.1579531814,2020-01-20,Krasnodar,10
3480,GA1.2.1096347993.1578644606,2020-01-17,Krasnodar,3
3481,GA1.2.109478460.1581106669,2020-02-07,Krasnodar,9
3482,GA1.2.109342411.1579796875,2020-01-23,Krasnodar,8
3483,GA1.2.1089333001.1578737201,2020-01-11,Krasnodar,7
3484,GA1.2.1089333001.1578737201,2020-01-12,Krasnodar,5
3485,GA1.2.1088447654.1577975206,2020-01-04,Krasnodar,9
3486,GA1.2.1084881871.1581778725,2020-02-15,Krasnodar,15
3487,GA1.2.1084157406.1580624895,2020-02-02,Krasnodar,13
3488,GA1.2.1082141820.1579675837,2020-01-28,Krasnodar,9
3489,GA1.2.1078290956.1581540227,2020-02-12,Krasnodar,15
3490,GA1.2.107690091.1580746921,2020-02-03,Krasnodar,15
3491,GA1.2.1074885345.1579342733,2020-01-18,Krasnodar,8
3492,GA1.2.1070330061.1581928177,2020-02-17,Krasnodar,10
3493,GA1.2.1070068005.1580733017,2020-02-03,Krasnodar,4
3494,GA1.2.1069120604.1581002984,2020-02-06,Krasnodar,8
3495,GA1.2.1067832203.1577818603,2020-01-13,Krasnodar,9
3496,GA1.2.1067265341.1579687304,2020-02-13,Krasnodar,15
3497,GA1.2.1066796285.1578837461,2020-01-12,Krasnodar,8
3498,GA1.2.10664781.1580930868,2020-02-08,Krasnodar,13
3499,GA1.2.1066084144.1578044688,2020-01-07,Krasnodar,6
3500,GA1.2.1065217670.1580459975,2020-02-06,Krasnodar,10
3501,GA1.2.1064559933.1580447770,2020-01-31,Krasnodar,10
3502,GA1.2.1063207446.1576362348,2020-01-09,Krasnodar,10
3503,GA1.2.1061366405.1576920676,2020-01-02,Krasnodar,6
3504,GA1.2.106099118.1581169170,2020-02-10,Krasnodar,8
3505,GA1.2.1060856614.1577210731,2020-01-17,Krasnodar,5
3506,GA1.2.1060787458.1577997168,2020-01-03,Krasnodar,15
3507,GA1.2.1058980194.1578157793,2020-01-11,Krasnodar,10
3508,GA1.2.1057833190.1579081885,2020-01-15,Krasnodar,11
3509,GA1.2.105699840.1576950818,2020-01-18,Krasnodar,10
3510,GA1.2.1055829872.1578547865,2020-01-09,Krasnodar,10
3511,GA1.2.1053473539.1579607348,2020-01-21,Krasnodar,2
3512,GA1.2.1051073570.1578841434,2020-01-12,Krasnodar,3
3513,GA1.2.104990352.1581779373,2020-02-15,Krasnodar,12
3514,GA1.2.1048772980.1580545754,2020-02-01,Krasnodar,12
3515,GA1.2.1047600929.1581884185,2020-02-16,Krasnodar,10
3516,GA1.2.104494353.1581408875,2020-02-11,Krasnodar,7
3517,GA1.2.1044088733.1577895198,2020-01-05,Krasnodar,15
3518,GA1.2.1043932532.1581247363,2020-02-09,Krasnodar,5
3519,GA1.2.1043690025.1579286744,2020-01-20,Krasnodar,10
3520,GA1.2.1042872014.1579458067,2020-01-19,Krasnodar,10
3521,GA1.2.104285857.1567511533,2020-01-09,Krasnodar,10
3522,GA1.2.104285857.1567511533,2020-02-08,Krasnodar,7
3523,GA1.2.1041607464.1580926520,2020-02-09,Krasnodar,2
3524,GA1.2.1040060880.1577284795,2020-01-10,Krasnodar,7
3525,GA1.2.1040009394.1578040955,2020-01-05,Krasnodar,5
3526,GA1.2.1039265314.1578726090,2020-01-11,Krasnodar,15
3527,GA1.2.1038490460.1580536652,2020-02-01,Krasnodar,7
3528,GA1.2.1037716404.1576179456,2020-01-12,Krasnodar,15
3529,GA1.2.1036455600.1579017445,2020-01-14,Krasnodar,8
3530,GA1.2.1035568739.1580671857,2020-02-03,Krasnodar,7
3531,GA1.2.1035566932.1579269938,2020-01-17,Krasnodar,8
3532,GA1.2.1035257689.1574016513,2020-01-15,Krasnodar,15
3533,GA1.2.1033768264.1579957500,2020-02-05,Krasnodar,13
3534,GA1.2.1033570035.1579975402,2020-01-27,Krasnodar,15
3535,GA1.2.1029804865.1564433240,2020-01-14,Krasnodar,8
3536,GA1.2.102837905.1577490674,2020-01-03,Krasnodar,7
3537,GA1.2.1028230301.1578083393,2020-01-03,Krasnodar,13
3538,GA1.2.1027367551.1578669277,2020-01-10,Krasnodar,13
3539,GA1.2.1026441845.1578173722,2020-01-05,Krasnodar,7
3540,GA1.2.1026344872.1577497259,2020-01-06,Krasnodar,15
3541,GA1.2.1025996108.1581700927,2020-02-14,Krasnodar,7
3542,GA1.2.1025787355.1580737069,2020-02-03,Krasnodar,10
3543,GA1.2.1025117294.1564382732,2020-01-10,Krasnodar,15
3544,GA1.2.1024369133.1578313136,2020-01-06,Krasnodar,13
3545,GA1.2.1024318692.1581255472,2020-02-09,Krasnodar,4
3546,GA1.2.1023666114.1578613137,2020-01-10,Krasnodar,6
3547,GA1.2.1023522813.1578760591,2020-01-11,Krasnodar,15
3548,GA1.2.1023347545.1577758435,2020-01-03,Krasnodar,8
3549,GA1.2.1022804348.1580586882,2020-02-01,Krasnodar,8
3550,GA1.2.1018030653.1579795016,2020-01-23,Krasnodar,8
3551,GA1.2.1018018973.1578692721,2020-01-11,Krasnodar,9
3552,GA1.2.1017009559.1575507808,2020-01-10,Krasnodar,8
3553,GA1.2.1016202428.1581066024,2020-02-16,Krasnodar,7
3554,GA1.2.1015801983.1579507996,2020-01-20,Krasnodar,12
3555,GA1.2.1014476820.1577992119,2020-01-02,Krasnodar,8
3556,GA1.2.1013821823.1553619073,2020-02-09,Krasnodar,8
3557,GA1.2.1013396358.1562436685,2020-02-16,Krasnodar,8
3558,GA1.2.1012391804.1581403359,2020-02-11,Krasnodar,7
3559,GA1.2.1012213484.1580855686,2020-02-05,Krasnodar,7
3560,GA1.2.101132312.1571668635,2020-01-09,Krasnodar,8
3561,GA1.2.1010880817.1579696332,2020-01-22,Krasnodar,10
3562,GA1.2.1009980633.1580278274,2020-01-29,Krasnodar,7
3563,GA1.2.1009870199.1579887781,2020-01-24,Krasnodar,10
3564,GA1.2.1007715586.1580372772,2020-01-30,Krasnodar,8
3565,GA1.2.1006203710.1580841865,2020-02-04,Krasnodar,7
3566,GA1.2.100579020.1579002751,2020-01-14,Krasnodar,15
3567,GA1.2.1005592967.1578599964,2020-01-09,Krasnodar,13
3568,GA1.2.1005291047.1578686359,2020-01-10,Krasnodar,4
3569,GA1.2.10050850.1580153260,2020-01-27,Krasnodar,13
3570,GA1.2.10050850.1580153260,2020-01-27,Krasnodar,9
3571,GA1.2.1003934714.1581085305,2020-02-07,Krasnodar,10
3572,GA1.2.1003313324.1580553733,2020-02-01,Krasnodar,10
3573,GA1.2.100270895.1579357803,2020-01-18,Krasnodar,10
3574,GA1.2.1002708100.1578980346,2020-01-14,Krasnodar,7
3575,GA1.2.1002420578.1579449762,2020-01-19,Krasnodar,9
3576,GA1.2.1001322588.1575041368,2020-01-14,Krasnodar,8
3577,GA1.2.1001322588.1575041368,2020-01-20,Krasnodar,8
3578,GA1.2.1001322588.1575041368,2020-01-29,Krasnodar,15
3579,GA1.2.1001322588.1575041368,2020-02-01,Krasnodar,10
3580,GA1.2.1001322588.1575041368,2020-02-08,Krasnodar,7
3581,GA1.2.1000652898.1580651990,2020-02-02,Krasnodar,13
3582,GA1.2.1000513003.1580567362,2020-02-01,Krasnodar,15
3583,GA1.2.507993338.1580119844,2020-01-29,Krakow,5
3584,GA1.2.1304814046.1580729270,2020-02-03,Krakow,10
3585,GA1.2.2069977125.1578674623,2020-01-10,Kotelniki,10
3586,GA1.2.1238962025.1580753140,2020-02-03,Kostroma,7
3587,GA1.2.2069153580.1580823936,2020-02-04,Kostanay,10
3588,GA1.2.1742063361.1578501519,2020-01-08,Korenovsk,11
3589,GA1.2.1275496685.1581882607,2020-02-16,Komsomolsk-on-Amur,4
3590,GA1.2.941093002.1578395987,2020-01-07,Kolomna,6
3591,GA1.2.792575222.1580674159,2020-02-02,Kolomna,10
3592,GA1.2.57662637.1578950719,2020-01-14,Kolomna,9
3593,GA1.2.1985672392.1580321708,2020-01-29,Kolomna,10
3594,GA1.2.1835926650.1578156629,2020-01-05,Kolomna,7
3595,GA1.2.1126842007.1579093247,2020-01-29,Kolomna,7
3596,GA1.2.1044939630.1581354303,2020-02-10,Kizlyar,4
3597,GA1.2.711088534.1581411802,2020-02-11,Kislovodsk,10
3598,GA1.2.646965071.1578443777,2020-02-06,Kislovodsk,4
3599,GA1.2.481061562.1580989736,2020-02-06,Kislovodsk,6
3600,GA1.2.1404737368.1581359271,2020-02-11,Kirov,10
3601,GA1.2.516116747.1580277328,2020-01-29,Khimki,15
3602,GA1.2.142419735.1577744954,2020-01-03,Khasavyurt,9
3603,GA1.2.1268700581.1577369139,2020-01-13,Kharkiv,2
3604,GA1.2.230376347.1581823682,2020-02-16,Khanty-Mansiysk,7
3605,GA1.2.2136459100.1565813725,2020-01-30,Khabarovsk,10
3606,GA1.2.2105462770.1581311357,2020-02-16,Khabarovsk,10
3607,GA1.2.1599816046.1579218647,2020-01-17,Khabarovsk,7
3608,GA1.2.734588997.1581110343,2020-02-08,Kerch,2
3609,GA1.2.731729250.1579191316,2020-01-16,Kerch,15
3610,GA1.2.432607410.1561651530,2020-02-03,Kerch,7
3611,GA1.2.366385607.1578665405,2020-01-10,Kerch,8
3612,GA1.2.305131180.1578401906,2020-01-07,Kerch,10
3613,GA1.2.305131180.1578401906,2020-01-08,Kerch,7
3614,GA1.2.1628301659.1575864088,2020-01-14,Kerch,15
3615,GA1.2.1466752866.1579694553,2020-01-22,Kerch,6
3616,GA1.2.1446627113.1576432230,2020-01-08,Kerch,10
3617,GA1.2.1383261473.1578907980,2020-01-13,Kerch,8
3618,GA1.2.1365717456.1578244059,2020-01-05,Kerch,10
3619,GA1.2.1179725942.1581149547,2020-02-08,Kerch,9
3620,GA1.2.1177961175.1579425376,2020-01-19,Kerch,9
3621,GA1.2.1022313380.1574180200,2020-01-15,Kerch,8
3622,GA1.2.533909628.1578816717,2020-01-14,Kazan,15
3623,GA1.2.1865085178.1560886671,2020-01-13,Kazan,2
3624,GA1.2.1048842476.1578406646,2020-01-07,Kazan,15
3625,GA1.2.1033579208.1579905997,2020-01-25,Kazan,13
3626,GA1.2.1937609828.1580879808,2020-02-05,Kavkazskaya,7
3627,GA1.2.1782909643.1579204841,2020-01-16,Kaspiysk,1
3628,GA1.2.207450633.1579705411,2020-01-22,Karagandy,15
3629,GA1.2.869042556.1579357477,2020-01-18,Kanevskaya,7
3630,GA1.2.841930643.1574335201,2020-01-07,Kanevskaya,15
3631,GA1.2.738818176.1572372177,2020-01-19,Kanevskaya,15
3632,GA1.2.7151646.1579263917,2020-01-17,Kanevskaya,15
3633,GA1.2.373960635.1579356389,2020-01-18,Kanevskaya,8
3634,GA1.2.335143089.1581349735,2020-02-10,Kanevskaya,7
3635,GA1.2.2035278402.1580753551,2020-02-04,Kanevskaya,8
3636,GA1.2.1959310082.1578250996,2020-02-16,Kanevskaya,9
3637,GA1.2.1959310082.1578250996,2020-02-17,Kanevskaya,10
3638,GA1.2.1922294489.1580934866,2020-02-05,Kanevskaya,10
3639,GA1.2.1650912759.1579340681,2020-01-18,Kanevskaya,10
3640,GA1.2.16095471.1579694113,2020-01-24,Kanevskaya,7
3641,GA1.2.584285448.1580242304,2020-01-28,Kamensk-Shakhtinsky,7
3642,GA1.2.2033786419.1581398796,2020-02-11,Kaliningrad,8
3643,GA1.2.958715129.1580326108,2020-01-29,Izhevsk,12
3644,GA1.2.877881362.1580197301,2020-01-28,Izhevsk,15
3645,GA1.2.873001047.1580972959,2020-02-06,Izhevsk,7
3646,GA1.2.862521626.1579724543,2020-01-22,Izhevsk,9
3647,GA1.2.60757475.1581530556,2020-02-12,Izhevsk,13
3648,GA1.2.2037795432.1551698787,2020-02-12,Izhevsk,10
3649,GA1.2.2034437999.1580544502,2020-02-01,Izhevsk,10
3650,GA1.2.680586228.1581764110,2020-02-15,Irkutsk,9
3651,GA1.2.679796832.1579248517,2020-01-21,Irkutsk,13
3652,GA1.2.2012986788.1578298089,2020-01-06,Irkutsk,6
3653,GA1.2.1791887436.1579515452,2020-01-20,Irkutsk,9
3654,GA1.2.1619115601.1580712681,2020-02-03,Irkutsk,9
3655,GA1.2.1202501557.1580908385,2020-02-05,Irkutsk,7
3656,GA1.2.1087972855.1580469935,2020-01-31,Irkutsk,10
3657,GA1.2.974894908.1578059758,2020-01-03,Hvardiis'ke,8
3658,GA1.2.974894908.1578059758,2020-01-03,Hvardiis'ke,7
3659,GA1.2.2000740551.1578942298,2020-01-13,Haspra,9
3660,GA1.2.1972055845.1581353935,2020-02-10,Hanover,4
3661,GA1.2.1628468676.1581933836,2020-02-17,Gulkevichi,15
3662,GA1.2.2029119045.1577549864,2020-02-16,Gubkinsky,9
3663,GA1.2.892788840.1580417009,2020-01-30,Guadalajara,15
3664,GA1.2.985022530.1580733975,2020-02-03,Grozny,2
3665,GA1.2.979966333.1581411873,2020-02-11,Grozny,7
3666,GA1.2.900051138.1576177153,2020-01-30,Grozny,7
3667,GA1.2.819953016.1579515061,2020-01-22,Grozny,10
3668,GA1.2.732809142.1581936778,2020-02-17,Grozny,15
3669,GA1.2.730786464.1579427533,2020-02-10,Grozny,10
3670,GA1.2.723558739.1581265265,2020-02-09,Grozny,8
3671,GA1.2.703370604.1581443190,2020-02-11,Grozny,15
3672,GA1.2.684928933.1579416266,2020-01-19,Grozny,7
3673,GA1.2.681576620.1581310958,2020-02-10,Grozny,7
3674,GA1.2.65875789.1579262459,2020-01-17,Grozny,6
3675,GA1.2.636809315.1578217882,2020-01-05,Grozny,10
3676,GA1.2.636259630.1579119454,2020-01-23,Grozny,10
3677,GA1.2.589905818.1580629461,2020-02-02,Grozny,7
3678,GA1.2.516232590.1574261812,2020-01-13,Grozny,10
3679,GA1.2.43805691.1579978489,2020-01-25,Grozny,7
3680,GA1.2.437323561.1578727467,2020-01-11,Grozny,13
3681,GA1.2.421890123.1577470457,2020-01-04,Grozny,9
3682,GA1.2.376780301.1579265808,2020-01-23,Grozny,1
3683,GA1.2.243965366.1578062252,2020-01-03,Grozny,10
3684,GA1.2.224477052.1579439792,2020-01-19,Grozny,15
3685,GA1.2.2104704309.1577204570,2020-02-16,Grozny,5
3686,GA1.2.2052798921.1579279102,2020-01-17,Grozny,8
3687,GA1.2.203708090.1580120631,2020-02-13,Grozny,7
3688,GA1.2.2010769630.1581275294,2020-02-09,Grozny,10
3689,GA1.2.1992532052.1579454674,2020-01-19,Grozny,7
3690,GA1.2.1990025275.1581418706,2020-02-12,Grozny,15
3691,GA1.2.1869818389.1579970904,2020-01-25,Grozny,15
3692,GA1.2.1814916613.1581316093,2020-02-10,Grozny,7
3693,GA1.2.1687638410.1579009141,2020-01-14,Grozny,7
3694,GA1.2.1669679893.1580274686,2020-01-29,Grozny,9
3695,GA1.2.1646544277.1580156652,2020-01-27,Grozny,15
3696,GA1.2.163076649.1580977216,2020-02-14,Grozny,15
3697,GA1.2.1532440864.1578675591,2020-01-10,Grozny,5
3698,GA1.2.1526625213.1579757016,2020-01-23,Grozny,14
3699,GA1.2.1497734516.1581632789,2020-02-14,Grozny,4
3700,GA1.2.1392984833.1579712839,2020-01-22,Grozny,10
3701,GA1.2.138883062.1579084080,2020-01-15,Grozny,13
3702,GA1.2.1255951052.1578060775,2020-01-03,Grozny,13
3703,GA1.2.1249081708.1581004827,2020-02-08,Grozny,10
3704,GA1.2.1238236734.1577572440,2020-01-17,Grozny,12
3705,GA1.2.1142024414.1581358968,2020-02-10,Grozny,6
3706,GA1.2.1076335898.1579707233,2020-01-22,Grozny,15
3707,GA1.2.1010309702.1576793628,2020-01-07,Grozny,15
3708,GA1.2.1230669834.1579858556,2020-01-24,Goryachevodsky,10
3709,GA1.2.844810949.1580213766,2020-01-28,Gomel,9
3710,GA1.2.2110982762.1580830589,2020-02-04,Gomel,7
3711,GA1.2.755193458.1581018424,2020-02-13,Georgiyevsk,9
3712,GA1.2.1734769399.1581414894,2020-02-11,Georgiyevsk,10
3713,GA1.2.746741106.1580847888,2020-02-04,Geneva,2
3714,GA1.2.982422880.1581849010,2020-02-16,Gelendzhik,9
3715,GA1.2.940146301.1581434047,2020-02-11,Gelendzhik,11
3716,GA1.2.930404490.1580497655,2020-02-01,Gelendzhik,10
3717,GA1.2.922486290.1580220976,2020-02-02,Gelendzhik,15
3718,GA1.2.84687749.1581614434,2020-02-13,Gelendzhik,10
3719,GA1.2.817520469.1580210843,2020-02-07,Gelendzhik,5
3720,GA1.2.804289736.1571136766,2020-01-02,Gelendzhik,8
3721,GA1.2.763755313.1581329057,2020-02-10,Gelendzhik,11
3722,GA1.2.737778241.1581183690,2020-02-08,Gelendzhik,9
3723,GA1.2.655859094.1579973044,2020-01-25,Gelendzhik,8
3724,GA1.2.633882375.1577291996,2020-01-22,Gelendzhik,10
3725,GA1.2.605358147.1581023325,2020-02-07,Gelendzhik,7
3726,GA1.2.578010612.1578083461,2020-01-03,Gelendzhik,2
3727,GA1.2.569143407.1579015549,2020-01-14,Gelendzhik,13
3728,GA1.2.561684030.1578639426,2020-01-10,Gelendzhik,15
3729,GA1.2.554712900.1579424538,2020-01-19,Gelendzhik,10
3730,GA1.2.525673994.1573826232,2020-01-06,Gelendzhik,7
3731,GA1.2.466888044.1581424266,2020-02-11,Gelendzhik,8
3732,GA1.2.457585523.1578987812,2020-01-14,Gelendzhik,11
3733,GA1.2.449995079.1580588762,2020-02-01,Gelendzhik,15
3734,GA1.2.439086543.1580316871,2020-01-29,Gelendzhik,11
3735,GA1.2.435604896.1579111549,2020-01-15,Gelendzhik,10
3736,GA1.2.330781321.1581584443,2020-02-13,Gelendzhik,9
3737,GA1.2.328868096.1581354865,2020-02-10,Gelendzhik,10
3738,GA1.2.31812882.1578325029,2020-01-06,Gelendzhik,8
3739,GA1.2.264933098.1581426863,2020-02-11,Gelendzhik,13
3740,GA1.2.245680246.1566731821,2020-01-04,Gelendzhik,15
3741,GA1.2.240400778.1581772537,2020-02-15,Gelendzhik,10
3742,GA1.2.239044226.1572551364,2020-01-05,Gelendzhik,9
3743,GA1.2.229688984.1581856893,2020-02-16,Gelendzhik,10
3744,GA1.2.226469718.1580800184,2020-02-04,Gelendzhik,7
3745,GA1.2.2122380601.1577889939,2020-01-01,Gelendzhik,4
3746,GA1.2.2103866805.1581009828,2020-02-06,Gelendzhik,10
3747,GA1.2.2062662297.1579896678,2020-01-24,Gelendzhik,10
3748,GA1.2.2047174658.1581658744,2020-02-14,Gelendzhik,12
3749,GA1.2.2047058502.1578145866,2020-01-04,Gelendzhik,15
3750,GA1.2.2019383928.1581839788,2020-02-16,Gelendzhik,11
3751,GA1.2.2013387659.1581265830,2020-02-09,Gelendzhik,15
3752,GA1.2.1993854928.1580981138,2020-02-06,Gelendzhik,10
3753,GA1.2.1945597430.1580633425,2020-02-02,Gelendzhik,13
3754,GA1.2.1870932859.1579284867,2020-01-17,Gelendzhik,4
3755,GA1.2.186310342.1580220335,2020-01-28,Gelendzhik,6
3756,GA1.2.1848053488.1580287766,2020-01-29,Gelendzhik,8
3757,GA1.2.1844982941.1581571137,2020-02-13,Gelendzhik,10
3758,GA1.2.1827640982.1579463305,2020-01-19,Gelendzhik,10
3759,GA1.2.182467023.1578145513,2020-01-04,Gelendzhik,7
3760,GA1.2.1812476518.1577988248,2020-01-02,Gelendzhik,10
3761,GA1.2.1812476518.1577988248,2020-02-06,Gelendzhik,7
3762,GA1.2.1806806249.1581618130,2020-02-13,Gelendzhik,9
3763,GA1.2.1770342446.1578747431,2020-01-11,Gelendzhik,10
3764,GA1.2.174405257.1574798020,2020-01-11,Gelendzhik,9
3765,GA1.2.1733738438.1577565768,2020-01-05,Gelendzhik,10
3766,GA1.2.1731781184.1554445268,2020-02-12,Gelendzhik,15
3767,GA1.2.1729193750.1576607307,2020-01-18,Gelendzhik,3
3768,GA1.2.1673254963.1579285671,2020-01-17,Gelendzhik,15
3769,GA1.2.1671791948.1580241899,2020-01-28,Gelendzhik,9
3770,GA1.2.1670110552.1580317087,2020-02-05,Gelendzhik,10
3771,GA1.2.1605902749.1581600563,2020-02-13,Gelendzhik,9
3772,GA1.2.1582909381.1580642777,2020-02-02,Gelendzhik,8
3773,GA1.2.1482042603.1579886466,2020-01-24,Gelendzhik,9
3774,GA1.2.1436231271.1578854300,2020-01-16,Gelendzhik,4
3775,GA1.2.1409582899.1577745345,2020-01-28,Gelendzhik,9
3776,GA1.2.1409582899.1577745345,2020-01-28,Gelendzhik,5
3777,GA1.2.1348042712.1580760139,2020-02-03,Gelendzhik,15
3778,GA1.2.1334653685.1578747262,2020-01-11,Gelendzhik,13
3779,GA1.2.1311977482.1578039986,2020-01-03,Gelendzhik,7
3780,GA1.2.1305653017.1579185595,2020-01-17,Gelendzhik,10
3781,GA1.2.1291872307.1579197491,2020-01-16,Gelendzhik,11
3782,GA1.2.128845123.1579087732,2020-01-18,Gelendzhik,9
3783,GA1.2.1287593034.1581610640,2020-02-13,Gelendzhik,9
3784,GA1.2.1278936198.1580838690,2020-02-04,Gelendzhik,7
3785,GA1.2.1262754010.1577535624,2020-01-03,Gelendzhik,10
3786,GA1.2.1257048197.1578489329,2020-01-10,Gelendzhik,15
3787,GA1.2.1240714632.1580496108,2020-02-11,Gelendzhik,15
3788,GA1.2.1238140021.1580367354,2020-01-30,Gelendzhik,8
3789,GA1.2.1233607881.1581396216,2020-02-17,Gelendzhik,4
3790,GA1.2.1220300693.1579609511,2020-01-21,Gelendzhik,8
3791,GA1.2.1184347120.1578732524,2020-01-11,Gelendzhik,4
3792,GA1.2.1177461587.1581398552,2020-02-15,Gelendzhik,8
3793,GA1.2.1177461587.1581398552,2020-02-15,Gelendzhik,4
3794,GA1.2.1167840721.1579181285,2020-01-16,Gelendzhik,8
3795,GA1.2.1154464198.1578905587,2020-01-13,Gelendzhik,11
3796,GA1.2.110966809.1580101088,2020-01-27,Gelendzhik,8
3797,GA1.2.1068149000.1580237993,2020-01-28,Gelendzhik,7
3798,GA1.2.1019186128.1577764922,2020-01-02,Gelendzhik,7
3799,GA1.2.1702769889.1581533627,2020-02-12,Gaiduk,9
3800,GA1.2.482987014.1581638744,2020-02-14,Frankfurt,8
3801,GA1.2.1120743468.1579698824,2020-01-22,Frankfurt,7
3802,GA1.2.884421006.1578430342,2020-01-07,Feodosiya,10
3803,GA1.2.687579982.1579401508,2020-01-19,Feodosiya,10
3804,GA1.2.687579982.1579401508,2020-01-19,Feodosiya,3
3805,GA1.2.925588080.1578317001,2020-01-06,Essentuki,12
3806,GA1.2.72660094.1576517640,2020-02-16,Essentuki,7
3807,GA1.2.684356647.1578319445,2020-01-06,Essentuki,8
3808,GA1.2.398853338.1578506187,2020-01-08,Essentuki,8
3809,GA1.2.354655364.1566992931,2020-01-05,Essentuki,4
3810,GA1.2.348736546.1580052648,2020-01-26,Essentuki,8
3811,GA1.2.316112148.1578849007,2020-01-12,Essentuki,13
3812,GA1.2.2042031210.1578577215,2020-01-21,Essentuki,7
3813,GA1.2.1992153641.1573161527,2020-01-24,Essentuki,10
3814,GA1.2.1972785290.1578327475,2020-01-06,Essentuki,7
3815,GA1.2.1788361552.1572705483,2020-01-02,Essentuki,13
3816,GA1.2.1777652553.1580995749,2020-02-06,Essentuki,7
3817,GA1.2.1689639982.1578902725,2020-01-13,Essentuki,6
3818,GA1.2.1550458985.1579029658,2020-01-14,Essentuki,15
3819,GA1.2.1340273333.1579776133,2020-01-23,Essentuki,7
3820,GA1.2.1317149232.1572280385,2020-01-11,Essentuki,12
3821,GA1.2.1300118861.1581089265,2020-02-07,Essentuki,15
3822,GA1.2.1011222411.1580139385,2020-01-27,Essentuki,8
3823,GA1.2.533649524.1578244644,2020-01-05,Elista,4
3824,GA1.2.849871740.1579765761,2020-01-23,Dzhankoi,4
3825,GA1.2.118715649.1579718939,2020-01-22,Dzhankoi,1
3826,GA1.2.817528308.1578384965,2020-01-07,Dortmund,15
3827,GA1.2.903661951.1581063561,2020-02-07,Donetsk,8
3828,GA1.2.739497755.1580028538,2020-01-26,Donetsk,8
3829,GA1.2.444541851.1581096714,2020-02-07,Donetsk,12
3830,GA1.2.1724996902.1578424050,2020-01-07,Donetsk,15
3831,GA1.2.120216120.1579346933,2020-01-18,Donetsk,12
3832,GA1.2.990439545.1579785497,2020-01-26,Domodedovo,15
3833,GA1.2.1347226263.1578983052,2020-01-14,Dolgoprudny,4
3834,GA1.2.1787081416.1577985192,2020-01-04,Derbent,6
3835,GA1.2.1625651066.1579683952,2020-01-22,Denizli,15
3836,GA1.2.1017043645.1580725006,2020-02-03,Dedovsk,10
3837,GA1.2.988499265.1549138926,2020-01-15,Cherkessk,9
3838,GA1.2.972684817.1578672122,2020-01-10,Cherkessk,15
3839,GA1.2.683521388.1578133009,2020-01-04,Cherkessk,4
3840,GA1.2.561849436.1581572335,2020-02-16,Cherkessk,9
3841,GA1.2.510809239.1578756795,2020-01-11,Cherkessk,8
3842,GA1.2.377398143.1579722948,2020-01-22,Cherkessk,13
3843,GA1.2.2030169382.1577178420,2020-01-31,Cherkessk,8
3844,GA1.2.180895840.1581445493,2020-02-11,Cherkessk,15
3845,GA1.2.1575048662.1581772367,2020-02-15,Cherkessk,10
3846,GA1.2.1571313637.1575186487,2020-02-01,Cherkessk,15
3847,GA1.2.1525827896.1581415767,2020-02-11,Cherkessk,2
3848,GA1.2.1321135975.1578001254,2020-01-03,Cherkessk,8
3849,GA1.2.1067908647.1575040229,2020-01-02,Cherkessk,15
3850,GA1.2.831755960.1576793261,2020-01-03,Chelyabinsk,15
3851,GA1.2.442556093.1580626341,2020-02-02,Chelyabinsk,15
3852,GA1.2.2080834990.1581863713,2020-02-16,Chelyabinsk,15
3853,GA1.2.2061659577.1579446064,2020-01-19,Chelyabinsk,10
3854,GA1.2.1608872868.1577191824,2020-01-09,Chelyabinsk,4
3855,GA1.2.1018065892.1578640130,2020-01-10,Cheboksary,3
3856,GA1.2.1215729720.1581862128,2020-02-16,Budyonnovsk,6
3857,GA1.2.683213075.1580546397,2020-02-01,Bryukhovetskaya,15
3858,GA1.2.1684314224.1581328895,2020-02-10,Brussels,10
3859,GA1.2.1844210645.1578987920,2020-01-14,Bishkek,9
3860,GA1.2.1246848709.1579846523,2020-02-01,Bilohirs'k,11
3861,GA1.2.1003627703.1578323394,2020-01-06,Bilohirs'k,12
3862,GA1.2.1249911454.1580405726,2020-01-30,Belovo,15
3863,GA1.2.880091272.1581791950,2020-02-15,Belorechensk,15
3864,GA1.2.1008530490.1581839500,2020-02-16,Belorechensk,13
3865,GA1.2.80260403.1578940732,2020-01-13,Belgrade,13
3866,GA1.2.858141671.1576407360,2020-01-25,Bataysk,7
3867,GA1.2.855502338.1579794161,2020-01-24,Bataysk,10
3868,GA1.2.53067690.1573293523,2020-01-08,Bataysk,10
3869,GA1.2.424021359.1576916823,2020-01-06,Bataysk,13
3870,GA1.2.1985607159.1581281585,2020-02-09,Bansko,15
3871,GA1.2.972909689.1578904361,2020-01-26,Balashikha,13
3872,GA1.2.704953252.1578038535,2020-01-03,Balashikha,15
3873,GA1.2.387974970.1579847994,2020-01-24,Balashikha,4
3874,GA1.2.1677942684.1580455041,2020-01-31,Balashikha,11
3875,GA1.2.1677942684.1580455041,2020-01-31,Balashikha,7
3876,GA1.2.129028865.1578234180,2020-01-05,Balashikha,8
3877,GA1.2.1203790562.1579439506,2020-01-19,Balashikha,10
3878,GA1.2.464335626.1581078690,2020-02-07,Bakhchysarai,10
3879,GA1.2.433180916.1579846711,2020-01-24,Bakhchysarai,12
3880,GA1.2.1053919599.1578175695,2020-01-07,Bakhchysarai,15
3881,GA1.2.1793632520.1579064733,2020-01-15,Azov,8
3882,GA1.2.743811647.1578678937,2020-01-10,Atyrau,12
3883,GA1.2.813643883.1578242110,2020-01-05,Astrakhan,9
3884,GA1.2.710211270.1578552101,2020-01-09,Astrakhan,7
3885,GA1.2.694438730.1577417337,2020-01-22,Astrakhan,2
3886,GA1.2.1538231629.1577910482,2020-01-02,Astrakhan,7
3887,GA1.2.1456529742.1578768556,2020-01-12,Astrakhan,9
3888,GA1.2.1410251074.1581830550,2020-02-16,Astrakhan,15
3889,GA1.2.1172167708.1579166542,2020-01-16,Astrakhan,10
3890,GA1.2.1846561339.1579983560,2020-01-25,Ashgabat,7
3891,GA1.2.502593337.1581538796,2020-02-12,Ashburn,10
3892,GA1.2.434727128.1580836313,2020-02-04,Ashburn,9
3893,GA1.2.1407803900.1578147649,2020-01-04,Ashburn,6
3894,GA1.2.983440931.1579346884,2020-01-18,Armavir,13
3895,GA1.2.839172058.1567618836,2020-02-05,Armavir,9
3896,GA1.2.729119878.1580933156,2020-02-05,Armavir,9
3897,GA1.2.664958990.1577995725,2020-01-04,Armavir,8
3898,GA1.2.574415085.1578410403,2020-01-08,Armavir,15
3899,GA1.2.525865832.1579524669,2020-01-20,Armavir,7
3900,GA1.2.506347784.1576343714,2020-02-06,Armavir,12
3901,GA1.2.438103833.1579100052,2020-01-16,Armavir,7
3902,GA1.2.380347722.1581503714,2020-02-12,Armavir,4
3903,GA1.2.2140423042.1572632467,2020-01-22,Armavir,10
3904,GA1.2.2023958892.1579672362,2020-01-22,Armavir,8
3905,GA1.2.1840922192.1577896805,2020-01-20,Armavir,8
3906,GA1.2.1840922192.1577896805,2020-01-22,Armavir,15
3907,GA1.2.1831595395.1581225578,2020-02-09,Armavir,13
3908,GA1.2.154456179.1581876349,2020-02-16,Armavir,10
3909,GA1.2.1537493819.1580908540,2020-02-05,Armavir,7
3910,GA1.2.1537493819.1580908540,2020-02-06,Armavir,9
3911,GA1.2.1519765377.1569260285,2020-01-02,Armavir,15
3912,GA1.2.1435312680.1579621053,2020-01-21,Armavir,7
3913,GA1.2.103252972.1573987396,2020-01-09,Armavir,8
3914,GA1.2.298585574.1580526328,2020-02-01,Arkhangelsk,8
3915,GA1.2.24642427.1578174647,2020-01-05,Arkhangelsk,8
3916,GA1.2.298185907.1575043878,2020-01-05,Antratsyt,10
3917,GA1.2.1137856979.1579711782,2020-01-22,Antalya,4
3918,GA1.2.364363372.1579927447,2020-01-25,Andreyevka,10
3919,GA1.2.924914993.1579717644,2020-01-22,Anapa,15
3920,GA1.2.506240673.1579071083,2020-01-15,Anapa,7
3921,GA1.2.271395056.1577903105,2020-01-02,Anapa,10
3922,GA1.2.2012711632.1578513055,2020-01-09,Anapa,13
3923,GA1.2.1979575155.1576525319,2020-02-05,Anapa,8
3924,GA1.2.1902200614.1579002094,2020-01-14,Anapa,4
3925,GA1.2.1783625595.1579457760,2020-01-19,Anapa,4
3926,GA1.2.1746064408.1578601192,2020-01-09,Anapa,9
3927,GA1.2.1672961358.1581921083,2020-02-17,Anapa,10
3928,GA1.2.1585401537.1577380168,2020-01-12,Anapa,8
3929,GA1.2.1541608393.1577344060,2020-01-21,Anapa,10
3930,GA1.2.1513680834.1580191850,2020-01-28,Anapa,7
3931,GA1.2.134625358.1570538846,2020-02-04,Anapa,11
3932,GA1.2.1325612629.1579462867,2020-01-19,Anapa,11
3933,GA1.2.131433035.1581183691,2020-02-08,Anapa,13
3934,GA1.2.1278660525.1581861900,2020-02-16,Anapa,15
3935,GA1.2.1249886592.1580081042,2020-01-27,Anapa,15
3936,GA1.2.1157664013.1578928358,2020-01-13,Anapa,15
3937,GA1.2.1536727125.1567157842,2020-01-19,Amsterdam,7
3938,GA1.2.24805807.1581870312,2020-02-16,Alupka,9
3939,GA1.2.80876861.1578860576,2020-01-13,Almaty,7
3940,GA1.2.117867006.1577681092,2020-01-13,Agoi,10
3941,GA1.2.2135001242.1578651853,2020-01-10,Afipsky,7
3942,GA1.2.101744405.1579788762,2020-01-23,Achinsk,6
3943,GA1.2.1708306669.1577867922,2020-01-01,Abu Dhabi,8
3944,GA1.2.819844247.1581752361,2020-02-15,Abinsk,13
3945,GA1.2.995057389.1580663568,2020-02-03,(not set),8
3946,GA1.2.986012999.1580705957,2020-02-03,(not set),9
3947,GA1.2.980478707.1578029884,2020-01-03,(not set),11
3948,GA1.2.979653663.1578033716,2020-01-03,(not set),12
3949,GA1.2.927213250.1580275534,2020-01-29,(not set),7
3950,GA1.2.925503193.1578582605,2020-01-09,(not set),13
3951,GA1.2.916828677.1578916989,2020-01-17,(not set),10
3952,GA1.2.90689983.1579878808,2020-01-24,(not set),8
3953,GA1.2.902641153.1565077335,2020-02-03,(not set),11
3954,GA1.2.892200273.1578946528,2020-01-14,(not set),7
3955,GA1.2.887599921.1578222176,2020-01-05,(not set),8
3956,GA1.2.887404301.1578380213,2020-01-07,(not set),5
3957,GA1.2.887404301.1578380213,2020-01-07,(not set),13
3958,GA1.2.834719748.1579069084,2020-01-15,(not set),10
3959,GA1.2.831506089.1579249157,2020-01-17,(not set),15
3960,GA1.2.818426292.1581340161,2020-02-10,(not set),10
3961,GA1.2.815790356.1578295728,2020-01-06,(not set),7
3962,GA1.2.813801538.1577595289,2020-01-11,(not set),6
3963,GA1.2.766664939.1578112694,2020-01-04,(not set),10
3964,GA1.2.760814173.1579788477,2020-01-23,(not set),7
3965,GA1.2.750102209.1579514674,2020-01-27,(not set),13
3966,GA1.2.750102209.1579514674,2020-01-27,(not set),7
3967,GA1.2.750102209.1579514674,2020-01-28,(not set),7
3968,GA1.2.74388173.1577604773,2020-01-04,(not set),9
3969,GA1.2.742422860.1578208386,2020-01-05,(not set),10
3970,GA1.2.723127313.1581925397,2020-02-17,(not set),13
3971,GA1.2.719597775.1578814255,2020-01-12,(not set),7
3972,GA1.2.668814628.1579015301,2020-01-14,(not set),13
3973,GA1.2.629247097.1579388161,2020-01-19,(not set),15
3974,GA1.2.624342853.1579613993,2020-01-21,(not set),9
3975,GA1.2.620239358.1579080744,2020-01-15,(not set),13
3976,GA1.2.599658634.1581336450,2020-02-10,(not set),8
3977,GA1.2.59941669.1577943885,2020-01-02,(not set),4
3978,GA1.2.577311721.1555946184,2020-01-15,(not set),13
3979,GA1.2.575840565.1578214596,2020-01-05,(not set),15
3980,GA1.2.575840565.1578214596,2020-01-06,(not set),9
3981,GA1.2.569328625.1579431270,2020-01-19,(not set),10
3982,GA1.2.560930420.1580723182,2020-02-03,(not set),8
3983,GA1.2.554357594.1579682233,2020-01-22,(not set),5
3984,GA1.2.553104860.1579679750,2020-01-22,(not set),11
3985,GA1.2.551547913.1578741976,2020-01-11,(not set),4
3986,GA1.2.549469246.1579506178,2020-02-04,(not set),15
3987,GA1.2.512755963.1580668334,2020-02-02,(not set),13
3988,GA1.2.497888122.1581348798,2020-02-10,(not set),8
3989,GA1.2.493856026.1579030901,2020-01-14,(not set),15
3990,GA1.2.47610339.1579012171,2020-01-14,(not set),12
3991,GA1.2.473459133.1578507576,2020-01-08,(not set),10
3992,GA1.2.462308507.1572533356,2020-02-11,(not set),15
3993,GA1.2.457642025.1579329223,2020-01-18,(not set),10
3994,GA1.2.45553219.1581570358,2020-02-13,(not set),10
3995,GA1.2.420537718.1580822136,2020-02-04,(not set),10
3996,GA1.2.420232785.1577126891,2020-01-03,(not set),6
3997,GA1.2.393994793.1578490677,2020-01-08,(not set),6
3998,GA1.2.35034087.1578937499,2020-01-17,(not set),10
3999,GA1.2.342929132.1578417042,2020-01-07,(not set),13
4000,GA1.2.312017264.1574619134,2020-01-29,(not set),10
4001,GA1.2.286563242.1579676782,2020-02-04,(not set),9
4002,GA1.2.267812339.1581935600,2020-02-17,(not set),10
4003,GA1.2.259813969.1579514631,2020-01-20,(not set),7
4004,GA1.2.239326051.1579676248,2020-01-22,(not set),8
4005,GA1.2.2136760966.1580198858,2020-01-28,(not set),13
4006,GA1.2.2092449706.1577565689,2020-01-04,(not set),8
4007,GA1.2.2057547847.1578464040,2020-01-08,(not set),5
4008,GA1.2.2050077621.1579707378,2020-01-22,(not set),9
4009,GA1.2.2049316258.1579940176,2020-01-27,(not set),3
4010,GA1.2.1985027835.1579372351,2020-01-18,(not set),9
4011,GA1.2.1981010198.1578053382,2020-01-03,(not set),9
4012,GA1.2.1975890382.1580155390,2020-01-27,(not set),15
4013,GA1.2.19569561.1578848108,2020-01-31,(not set),8
4014,GA1.2.1938402747.1575301621,2020-01-05,(not set),6
4015,GA1.2.1913347376.1579967939,2020-01-25,(not set),15
4016,GA1.2.1861104024.1579846512,2020-01-24,(not set),13
4017,GA1.2.1861104024.1579846512,2020-01-24,(not set),7
4018,GA1.2.1857123099.1577911997,2020-01-05,(not set),4
4019,GA1.2.183090823.1578561742,2020-01-31,(not set),1
4020,GA1.2.1811606666.1578679061,2020-01-10,(not set),15
4021,GA1.2.1806805354.1580057885,2020-01-26,(not set),10
4022,GA1.2.1799026762.1579805389,2020-01-23,(not set),9
4023,GA1.2.1797940055.1578572531,2020-01-09,(not set),15
4024,GA1.2.178510933.1578146690,2020-01-04,(not set),8
4025,GA1.2.1782590556.1578423380,2020-01-07,(not set),7
4026,GA1.2.1779837541.1579353107,2020-01-18,(not set),15
4027,GA1.2.1717728752.1579599213,2020-01-21,(not set),10
4028,GA1.2.1670743470.1578942547,2020-01-13,(not set),7
4029,GA1.2.1655088938.1568033716,2020-01-08,(not set),8
4030,GA1.2.1654131259.1578249993,2020-01-05,(not set),8
4031,GA1.2.1651094028.1578990135,2020-01-14,(not set),10
4032,GA1.2.164870020.1579088430,2020-01-15,(not set),12
4033,GA1.2.1641836770.1563132751,2020-01-22,(not set),7
4034,GA1.2.1606242943.1567587275,2020-01-18,(not set),10
4035,GA1.2.1589422167.1579608879,2020-01-21,(not set),15
4036,GA1.2.1571591942.1577903664,2020-01-25,(not set),10
4037,GA1.2.1551228333.1580638393,2020-02-02,(not set),5
4038,GA1.2.1543022527.1580750304,2020-02-03,(not set),7
4039,GA1.2.1492441940.1580574212,2020-02-01,(not set),10
4040,GA1.2.1476753599.1579779352,2020-01-23,(not set),12
4041,GA1.2.1466743424.1578574332,2020-01-09,(not set),15
4042,GA1.2.1465323458.1577587419,2020-01-21,(not set),8
4043,GA1.2.1460731553.1576822037,2020-01-17,(not set),8
4044,GA1.2.1456204387.1572284765,2020-01-10,(not set),7
4045,GA1.2.1456204387.1572284765,2020-01-12,(not set),11
4046,GA1.2.1456204387.1572284765,2020-01-29,(not set),8
4047,GA1.2.1456204387.1572284765,2020-02-02,(not set),2
4048,GA1.2.1456204387.1572284765,2020-02-02,(not set),10
4049,GA1.2.1456204387.1572284765,2020-02-02,(not set),10
4050,GA1.2.1455575502.1580194395,2020-01-28,(not set),11
4051,GA1.2.1452902006.1579894532,2020-01-28,(not set),8
4052,GA1.2.1449558574.1578216010,2020-01-05,(not set),15
4053,GA1.2.1433133013.1578564361,2020-01-10,(not set),7
4054,GA1.2.1420566211.1580289627,2020-01-29,(not set),11
4055,GA1.2.1409874472.1579856263,2020-01-30,(not set),13
4056,GA1.2.1394171485.1581368922,2020-02-11,(not set),4
4057,GA1.2.1392155580.1579693973,2020-01-22,(not set),8
4058,GA1.2.1382190588.1577351568,2020-01-18,(not set),15
4059,GA1.2.1382157176.1581504938,2020-02-12,(not set),8
4060,GA1.2.1364020556.1579548366,2020-01-20,(not set),8
4061,GA1.2.1347067959.1579104072,2020-01-15,(not set),7
4062,GA1.2.1343968693.1578393076,2020-01-07,(not set),15
4063,GA1.2.1325634179.1580206608,2020-01-28,(not set),11
4064,GA1.2.1317138795.1567850436,2020-01-23,(not set),4
4065,GA1.2.1307972134.1578340789,2020-01-06,(not set),8
4066,GA1.2.1300849152.1579526591,2020-01-20,(not set),9
4067,GA1.2.1279881316.1578635586,2020-01-10,(not set),15
4068,GA1.2.1270328420.1581929053,2020-02-17,(not set),9
4069,GA1.2.1259158096.1579114194,2020-01-28,(not set),15
4070,GA1.2.1251139394.1575958583,2020-01-09,(not set),10
4071,GA1.2.1236040226.1578814991,2020-01-12,(not set),15
4072,GA1.2.1208599518.1581862888,2020-02-16,(not set),15
4073,GA1.2.1186521685.1580711172,2020-02-03,(not set),12
4074,GA1.2.1183145124.1578560164,2020-01-09,(not set),13
4075,GA1.2.1174745349.1581015556,2020-02-06,(not set),8
4076,GA1.2.116043174.1580802844,2020-02-04,(not set),7
4077,GA1.2.113177047.1579257131,2020-01-17,(not set),9
4078,GA1.2.1099050113.1579447656,2020-01-23,(not set),10
4079,GA1.2.10727149.1578088991,2020-01-04,(not set),8
4080,GA1.2.1071913362.1580420030,2020-01-31,(not set),13
4081,GA1.2.1064312481.1581141647,2020-02-08,(not set),10
4082,GA1.2.1062591920.1578219685,2020-01-05,(not set),7
4083,GA1.2.1054200733.1580325525,2020-01-29,(not set),7
4084,GA1.2.1046738778.1579682948,2020-01-22,(not set),9
4085,GA1.2.1024079139.1581329667,2020-02-10,(not set),15
4086,GA1.2.1023729224.1579779841,2020-01-23,(not set),8
